timestamp,cpu_percent,memory_percent,request_rate
2026-01-01T00:00:00,25.0,40.0,50.0
2026-01-01T00:00:30,24.78,40.77,51.0
2026-01-01T00:01:00,24.52,41.68,46.37
2026-01-01T00:01:30,24.36,42.83,49.77
2026-01-01T00:02:00,25.41,42.98,52.86
2026-01-01T00:02:30,25.22,43.81,56.57
2026-01-01T00:03:00,22.97,46.07,60.55
2026-01-01T00:03:30,23.47,46.98,64.54
2026-01-01T00:04:00,23.07,48.59,57.0
2026-01-01T00:04:30,22.75,47.08,57.9
2026-01-01T00:05:00,22.92,46.33,52.18
2026-01-01T00:05:30,23.27,45.58,48.37
2026-01-01T00:06:00,25.01,42.91,47.84
2026-01-01T00:06:30,26.0,42.98,52.57
2026-01-01T00:07:00,26.16,44.37,53.9
2026-01-01T00:07:30,25.06,43.84,54.82
2026-01-01T00:08:00,23.53,44.03,61.97
2026-01-01T00:08:30,23.9,43.18,62.93
2026-01-01T00:09:00,25.87,42.69,59.13
2026-01-01T00:09:30,25.93,42.97,53.56
2026-01-01T00:10:00,25.77,41.78,50.07
2026-01-01T00:10:30,26.57,42.95,50.51
2026-01-01T00:11:00,24.39,41.03,44.35
2026-01-01T00:11:30,23.92,41.35,46.1
2026-01-01T00:12:00,24.66,40.86,47.34
2026-01-01T00:12:30,25.97,42.35,44.46
2026-01-01T00:13:00,25.61,43.11,44.88
2026-01-01T00:13:30,26.17,41.03,46.94
2026-01-01T00:14:00,26.54,38.61,44.41
2026-01-01T00:14:30,27.72,37.61,47.34
2026-01-01T00:15:00,26.05,37.1,44.48
2026-01-01T00:15:30,26.9,36.91,46.83
2026-01-01T00:16:00,24.63,36.94,52.66
2026-01-01T00:16:30,20.7,37.62,53.95
2026-01-01T00:17:00,19.79,36.25,48.85
2026-01-01T00:17:30,18.41,34.45,49.21
2026-01-01T00:18:00,19.73,34.7,49.53
2026-01-01T00:18:30,20.72,34.34,46.09
2026-01-01T00:19:00,18.9,34.24,41.05
2026-01-01T00:19:30,20.17,33.6,39.52
2026-01-01T00:20:00,18.66,33.42,43.0
2026-01-01T00:20:30,18.53,34.91,46.27
2026-01-01T00:21:00,18.09,33.29,51.07
2026-01-01T00:21:30,18.27,32.06,50.89
2026-01-01T00:22:00,19.49,32.7,58.75
2026-01-01T00:22:30,20.45,34.27,55.36
2026-01-01T00:23:00,20.98,34.07,57.12
2026-01-01T00:23:30,21.95,32.8,56.16
2026-01-01T00:24:00,22.67,30.8,62.12
2026-01-01T00:24:30,21.73,31.06,62.25
2026-01-01T00:25:00,20.65,29.81,58.12
2026-01-01T00:25:30,19.95,31.99,59.09
2026-01-01T00:26:00,20.7,34.33,54.6
2026-01-01T00:26:30,20.32,34.56,51.11
2026-01-01T00:27:00,23.82,35.04,54.82
2026-01-01T00:27:30,22.6,34.92,54.74
2026-01-01T00:28:00,20.95,36.07,58.16
2026-01-01T00:28:30,22.1,36.06,54.67
2026-01-01T00:29:00,24.23,36.13,59.85
2026-01-01T00:29:30,24.99,37.49,59.15
2026-01-01T00:30:00,26.24,38.11,51.32
2026-01-01T00:30:30,28.38,40.24,47.74
2026-01-01T00:31:00,28.24,38.61,42.15
2026-01-01T00:31:30,26.11,38.05,36.3
2026-01-01T00:32:00,25.31,37.15,38.34
2026-01-01T00:32:30,26.74,37.99,39.8
2026-01-01T00:33:00,24.57,37.5,42.16
2026-01-01T00:33:30,24.62,38.1,39.21
2026-01-01T00:34:00,25.0,36.93,41.34
2026-01-01T00:34:30,24.53,36.83,35.47
2026-01-01T00:35:00,25.62,39.13,33.54
2026-01-01T00:35:30,26.49,40.77,32.9
2026-01-01T00:36:00,29.97,38.89,30.62
2026-01-01T00:36:30,30.9,39.26,31.02
2026-01-01T00:37:00,29.99,40.08,30.93
2026-01-01T00:37:30,29.14,39.59,32.82
2026-01-01T00:38:00,27.9,38.49,34.03
2026-01-01T00:38:30,29.32,39.15,37.85
2026-01-01T00:39:00,28.47,39.25,35.93
2026-01-01T00:39:30,28.37,39.8,38.54
2026-01-01T00:40:00,29.49,39.64,39.65
2026-01-01T00:40:30,28.41,41.97,40.62
2026-01-01T00:41:00,27.97,41.06,41.15
2026-01-01T00:41:30,25.2,40.56,32.53
2026-01-01T00:42:00,23.58,41.08,40.2
2026-01-01T00:42:30,22.73,41.81,36.54
2026-01-01T00:43:00,23.35,40.43,33.35
2026-01-01T00:43:30,25.14,41.73,32.06
2026-01-01T00:44:00,25.12,40.27,26.82
2026-01-01T00:44:30,25.51,40.28,33.8
2026-01-01T00:45:00,25.76,39.97,31.33
2026-01-01T00:45:30,27.39,39.26,28.59
2026-01-01T00:46:00,28.73,40.4,25.27
2026-01-01T00:46:30,29.14,38.05,27.02
2026-01-01T00:47:00,27.62,37.32,32.6
2026-01-01T00:47:30,28.98,36.42,33.69
2026-01-01T00:48:00,29.55,37.29,30.6
2026-01-01T00:48:30,31.39,38.84,35.89
2026-01-01T00:49:00,31.34,39.62,37.02
2026-01-01T00:49:30,34.27,41.01,34.13
2026-01-01T00:50:00,33.73,38.79,33.85
2026-01-01T00:50:30,36.12,38.95,34.37
2026-01-01T00:51:00,36.3,37.57,35.32
2026-01-01T00:51:30,35.52,37.19,35.33
2026-01-01T00:52:00,33.83,37.44,35.42
2026-01-01T00:52:30,33.6,37.53,42.87
2026-01-01T00:53:00,35.74,38.91,54.21
2026-01-01T00:53:30,36.96,36.93,54.9
2026-01-01T00:54:00,38.0,36.09,51.23
2026-01-01T00:54:30,34.43,34.61,47.03
2026-01-01T00:55:00,35.5,32.97,50.28
2026-01-01T00:55:30,36.33,33.98,43.79
2026-01-01T00:56:00,35.51,34.16,43.06
2026-01-01T00:56:30,34.57,35.72,44.64
2026-01-01T00:57:00,34.56,36.9,45.37
2026-01-01T00:57:30,37.15,36.97,43.75
2026-01-01T00:58:00,35.57,36.0,51.1
2026-01-01T00:58:30,34.93,37.0,54.28
2026-01-01T00:59:00,36.97,36.3,52.4
2026-01-01T00:59:30,36.3,35.1,55.53
2026-01-01T01:00:00,35.75,33.95,54.8
2026-01-01T01:00:30,35.9,34.08,52.73
2026-01-01T01:01:00,34.04,35.34,51.1
2026-01-01T01:01:30,34.37,35.39,55.83
2026-01-01T01:02:00,32.55,36.62,53.59
2026-01-01T01:02:30,33.88,36.71,53.31
2026-01-01T01:03:00,33.89,36.28,57.39
2026-01-01T01:03:30,37.31,39.0,58.61
2026-01-01T01:04:00,37.73,40.83,59.57
2026-01-01T01:04:30,39.78,41.02,56.91
2026-01-01T01:05:00,37.83,40.19,66.23
2026-01-01T01:05:30,37.64,38.58,69.5
2026-01-01T01:06:00,38.13,38.98,60.03
2026-01-01T01:06:30,40.75,38.73,65.25
2026-01-01T01:07:00,38.22,39.19,60.1
2026-01-01T01:07:30,39.71,39.52,54.61
2026-01-01T01:08:00,40.6,39.95,51.82
2026-01-01T01:08:30,42.9,41.1,56.85
2026-01-01T01:09:00,43.97,41.41,55.76
2026-01-01T01:09:30,44.04,40.69,56.61
2026-01-01T01:10:00,43.26,39.92,49.93
2026-01-01T01:10:30,41.39,40.5,54.23
2026-01-01T01:11:00,41.68,39.43,53.16
2026-01-01T01:11:30,41.4,40.15,48.0
2026-01-01T01:12:00,44.43,40.86,49.3
2026-01-01T01:12:30,43.51,40.82,51.26
2026-01-01T01:13:00,43.99,40.03,51.6
2026-01-01T01:13:30,41.64,38.26,56.77
2026-01-01T01:14:00,41.04,37.13,59.1
2026-01-01T01:14:30,41.43,35.51,65.11
2026-01-01T01:15:00,42.67,35.53,64.89
2026-01-01T01:15:30,44.84,35.09,65.33
2026-01-01T01:16:00,44.78,34.17,68.79
2026-01-01T01:16:30,43.1,35.04,73.42
2026-01-01T01:17:00,43.79,35.17,72.09
2026-01-01T01:17:30,44.56,35.22,79.63
2026-01-01T01:18:00,45.3,35.78,80.09
2026-01-01T01:18:30,44.25,36.82,80.11
2026-01-01T01:19:00,45.95,35.21,81.88
2026-01-01T01:19:30,46.08,35.92,78.46
2026-01-01T01:20:00,47.13,34.11,71.87
2026-01-01T01:20:30,49.04,33.32,80.1
2026-01-01T01:21:00,49.96,34.33,84.35
2026-01-01T01:21:30,50.39,35.02,80.66
2026-01-01T01:22:00,53.62,35.68,81.21
2026-01-01T01:22:30,53.98,35.87,83.7
2026-01-01T01:23:00,53.54,37.28,81.75
2026-01-01T01:23:30,53.71,35.74,87.48
2026-01-01T01:24:00,55.93,35.43,85.5
2026-01-01T01:24:30,56.11,35.48,89.47
2026-01-01T01:25:00,56.89,37.52,86.95
2026-01-01T01:25:30,58.68,38.54,88.98
2026-01-01T01:26:00,57.91,39.58,95.18
2026-01-01T01:26:30,55.32,38.82,97.08
2026-01-01T01:27:00,55.77,41.07,95.12
2026-01-01T01:27:30,56.11,41.54,96.01
2026-01-01T01:28:00,55.2,40.54,98.91
2026-01-01T01:28:30,56.51,42.88,97.2
2026-01-01T01:29:00,57.42,41.45,95.62
2026-01-01T01:29:30,55.93,40.58,102.67
2026-01-01T01:30:00,56.71,40.35,108.25
2026-01-01T01:30:30,56.41,39.37,105.6
2026-01-01T01:31:00,54.19,39.9,100.33
2026-01-01T01:31:30,54.87,40.17,95.19
2026-01-01T01:32:00,54.8,40.29,90.73
2026-01-01T01:32:30,53.68,42.18,89.6
2026-01-01T01:33:00,54.47,40.55,89.3
2026-01-01T01:33:30,55.2,41.91,83.76
2026-01-01T01:34:00,54.33,41.09,84.38
2026-01-01T01:34:30,54.93,42.55,72.77
2026-01-01T01:35:00,56.45,44.46,73.33
2026-01-01T01:35:30,55.39,46.76,79.76
2026-01-01T01:36:00,55.96,46.57,74.9
2026-01-01T01:36:30,55.96,45.4,63.38
2026-01-01T01:37:00,59.36,45.73,64.04
2026-01-01T01:37:30,56.57,45.68,66.85
2026-01-01T01:38:00,57.61,43.92,65.21
2026-01-01T01:38:30,57.15,44.65,66.13
2026-01-01T01:39:00,57.0,43.73,71.29
2026-01-01T01:39:30,59.85,45.17,78.05
2026-01-01T01:40:00,59.84,46.14,80.44
2026-01-01T01:40:30,60.0,45.86,75.5
2026-01-01T01:41:00,59.34,45.89,76.17
2026-01-01T01:41:30,59.86,45.65,72.17
2026-01-01T01:42:00,59.13,45.19,72.11
2026-01-01T01:42:30,58.09,48.29,71.15
2026-01-01T01:43:00,58.18,47.35,68.86
2026-01-01T01:43:30,57.76,47.41,74.99
2026-01-01T01:44:00,58.06,48.4,74.08
2026-01-01T01:44:30,54.91,48.02,68.15
2026-01-01T01:45:00,57.91,47.39,69.67
2026-01-01T01:45:30,57.66,46.06,72.41
2026-01-01T01:46:00,60.0,47.25,72.62
2026-01-01T01:46:30,58.49,47.96,69.52
2026-01-01T01:47:00,58.93,48.43,67.79
2026-01-01T01:47:30,60.0,46.92,65.43
2026-01-01T01:48:00,58.7,47.43,63.42
2026-01-01T01:48:30,56.45,47.71,60.61
2026-01-01T01:49:00,55.63,47.37,59.72
2026-01-01T01:49:30,56.34,46.0,54.3
2026-01-01T01:50:00,57.38,45.94,55.29
2026-01-01T01:50:30,59.32,45.07,52.16
2026-01-01T01:51:00,58.93,45.15,55.67
2026-01-01T01:51:30,56.53,45.21,57.19
2026-01-01T01:52:00,55.88,44.88,63.22
2026-01-01T01:52:30,57.74,45.76,57.76
2026-01-01T01:53:00,58.43,45.69,63.4
2026-01-01T01:53:30,55.5,46.22,62.94
2026-01-01T01:54:00,55.45,46.64,65.41
2026-01-01T01:54:30,57.54,47.65,68.97
2026-01-01T01:55:00,60.0,46.68,72.82
2026-01-01T01:55:30,60.0,46.34,73.06
2026-01-01T01:56:00,60.0,47.26,74.88
2026-01-01T01:56:30,58.14,47.41,74.51
2026-01-01T01:57:00,56.87,48.54,77.43
2026-01-01T01:57:30,56.95,49.28,73.86
2026-01-01T01:58:00,57.7,48.84,75.48
2026-01-01T01:58:30,58.57,49.72,81.63
2026-01-01T01:59:00,57.85,49.46,89.66
2026-01-01T01:59:30,56.13,50.42,93.93
2026-01-01T02:00:00,54.96,52.27,99.78
2026-01-01T02:00:30,53.22,53.36,101.87
2026-01-01T02:01:00,54.19,55.65,106.09
2026-01-01T02:01:30,50.72,54.1,113.87
2026-01-01T02:02:00,50.22,53.55,113.65
2026-01-01T02:02:30,50.89,53.29,107.3
2026-01-01T02:03:00,53.18,52.89,106.62
2026-01-01T02:03:30,53.28,53.26,107.36
2026-01-01T02:04:00,54.79,52.89,104.07
2026-01-01T02:04:30,54.19,54.0,99.27
2026-01-01T02:05:00,53.07,54.98,97.3
2026-01-01T02:05:30,52.06,55.4,92.38
2026-01-01T02:06:00,54.35,54.38,96.03
2026-01-01T02:06:30,55.84,54.93,102.85
2026-01-01T02:07:00,56.57,55.61,105.55
2026-01-01T02:07:30,60.0,55.96,99.98
2026-01-01T02:08:00,59.95,55.99,100.8
2026-01-01T02:08:30,60.0,57.39,97.37
2026-01-01T02:09:00,60.0,56.84,98.49
2026-01-01T02:09:30,59.67,56.47,95.2
2026-01-01T02:10:00,60.0,57.14,99.13
2026-01-01T02:10:30,60.0,57.67,101.94
2026-01-01T02:11:00,57.9,58.52,100.66
2026-01-01T02:11:30,57.3,58.24,102.67
2026-01-01T02:12:00,57.94,56.93,102.93
2026-01-01T02:12:30,59.12,55.69,109.84
2026-01-01T02:13:00,57.1,55.26,102.23
2026-01-01T02:13:30,53.71,56.05,103.88
2026-01-01T02:14:00,50.85,56.84,108.85
2026-01-01T02:14:30,50.75,55.02,107.39
2026-01-01T02:15:00,50.59,55.56,105.39
2026-01-01T02:15:30,51.11,55.47,106.1
2026-01-01T02:16:00,49.95,54.43,102.42
2026-01-01T02:16:30,48.12,56.62,100.27
2026-01-01T02:17:00,45.08,56.88,96.18
2026-01-01T02:17:30,45.58,57.71,95.47
2026-01-01T02:18:00,46.13,60.28,87.1
2026-01-01T02:18:30,47.62,59.7,84.69
2026-01-01T02:19:00,48.81,59.3,86.92
2026-01-01T02:19:30,48.52,60.79,85.41
2026-01-01T02:20:00,50.55,59.48,83.76
2026-01-01T02:20:30,50.34,59.56,87.36
2026-01-01T02:21:00,49.35,59.6,93.67
2026-01-01T02:21:30,48.57,60.57,90.72
2026-01-01T02:22:00,47.69,60.98,95.54
2026-01-01T02:22:30,44.44,60.07,88.54
2026-01-01T02:23:00,44.68,61.04,85.15
2026-01-01T02:23:30,45.05,61.88,87.3
2026-01-01T02:24:00,44.51,60.83,88.33
2026-01-01T02:24:30,43.44,60.14,88.8
2026-01-01T02:25:00,44.0,59.62,92.26
2026-01-01T02:25:30,46.57,58.47,91.45
2026-01-01T02:26:00,46.63,59.53,94.5
2026-01-01T02:26:30,45.87,59.21,92.55
2026-01-01T02:27:00,44.98,58.93,90.04
2026-01-01T02:27:30,44.88,57.89,82.54
2026-01-01T02:28:00,42.98,57.5,85.24
2026-01-01T02:28:30,42.79,58.98,81.77
2026-01-01T02:29:00,42.88,59.73,85.8
2026-01-01T02:29:30,45.65,58.12,89.84
2026-01-01T02:30:00,47.06,57.13,88.95
2026-01-01T02:30:30,48.62,57.76,89.3
2026-01-01T02:31:00,47.55,57.26,90.09
2026-01-01T02:31:30,48.55,56.71,89.27
2026-01-01T02:32:00,46.84,55.85,83.44
2026-01-01T02:32:30,47.31,54.52,89.22
2026-01-01T02:33:00,47.94,54.61,86.95
2026-01-01T02:33:30,46.79,54.23,89.06
2026-01-01T02:34:00,49.79,55.37,90.23
2026-01-01T02:34:30,50.64,55.31,91.39
2026-01-01T02:35:00,47.78,54.34,92.26
2026-01-01T02:35:30,48.61,55.04,95.91
2026-01-01T02:36:00,48.0,56.38,92.43
2026-01-01T02:36:30,48.0,55.65,96.4
2026-01-01T02:37:00,48.7,53.94,97.06
2026-01-01T02:37:30,49.29,53.46,97.22
2026-01-01T02:38:00,46.23,52.11,95.56
2026-01-01T02:38:30,44.49,53.76,95.38
2026-01-01T02:39:00,45.65,52.37,97.69
2026-01-01T02:39:30,47.6,52.04,93.01
2026-01-01T02:40:00,50.46,53.51,86.12
2026-01-01T02:40:30,53.16,54.39,85.02
2026-01-01T02:41:00,50.08,53.87,87.83
2026-01-01T02:41:30,51.23,53.09,86.64
2026-01-01T02:42:00,48.36,52.91,92.12
2026-01-01T02:42:30,50.78,52.67,97.31
2026-01-01T02:43:00,51.16,54.16,102.92
2026-01-01T02:43:30,49.45,54.01,108.72
2026-01-01T02:44:00,52.46,52.66,109.78
2026-01-01T02:44:30,53.43,53.64,112.05
2026-01-01T02:45:00,50.59,54.68,109.32
2026-01-01T02:45:30,51.03,54.45,98.58
2026-01-01T02:46:00,49.94,55.23,100.2
2026-01-01T02:46:30,50.1,55.28,97.11
2026-01-01T02:47:00,49.41,54.07,96.31
2026-01-01T02:47:30,51.47,53.99,86.36
2026-01-01T02:48:00,49.33,52.84,89.95
2026-01-01T02:48:30,49.81,52.21,89.15
2026-01-01T02:49:00,52.53,51.27,86.78
2026-01-01T02:49:30,51.29,51.6,82.16
2026-01-01T02:50:00,51.6,51.79,78.91
2026-01-01T02:50:30,51.91,50.47,75.53
2026-01-01T02:51:00,50.87,49.55,71.64
2026-01-01T02:51:30,51.84,49.55,65.99
2026-01-01T02:52:00,51.99,50.01,65.15
2026-01-01T02:52:30,50.57,50.09,63.8
2026-01-01T02:53:00,53.22,47.88,67.24
2026-01-01T02:53:30,54.4,49.17,60.23
2026-01-01T02:54:00,54.15,50.94,58.45
2026-01-01T02:54:30,53.2,52.52,54.88
2026-01-01T02:55:00,52.02,53.07,56.25
2026-01-01T02:55:30,53.87,53.74,56.04
2026-01-01T02:56:00,53.65,53.08,59.43
2026-01-01T02:56:30,54.34,53.27,66.78
2026-01-01T02:57:00,54.06,52.14,66.79
2026-01-01T02:57:30,54.99,52.26,68.91
2026-01-01T02:58:00,54.81,50.83,65.91
2026-01-01T02:58:30,55.96,51.42,65.4
2026-01-01T02:59:00,55.68,51.06,65.5
2026-01-01T02:59:30,56.93,51.83,74.06
2026-01-01T03:00:00,57.94,52.01,69.5
2026-01-01T03:00:30,57.76,51.55,68.96
2026-01-01T03:01:00,56.47,52.4,69.04
2026-01-01T03:01:30,55.06,51.22,66.02
2026-01-01T03:02:00,53.95,50.96,67.43
2026-01-01T03:02:30,52.47,50.42,67.49
2026-01-01T03:03:00,53.77,51.17,67.97
2026-01-01T03:03:30,53.7,51.09,65.08
2026-01-01T03:04:00,56.06,51.36,68.02
2026-01-01T03:04:30,59.48,51.89,64.3
2026-01-01T03:05:00,59.51,49.54,62.81
2026-01-01T03:05:30,57.19,48.61,66.2
2026-01-01T03:06:00,56.62,48.73,71.79
2026-01-01T03:06:30,56.51,49.74,68.79
2026-01-01T03:07:00,54.27,50.31,71.28
2026-01-01T03:07:30,53.9,51.63,70.94
2026-01-01T03:08:00,54.33,51.4,75.11
2026-01-01T03:08:30,53.64,51.5,75.56
2026-01-01T03:09:00,52.49,51.0,82.35
2026-01-01T03:09:30,51.35,50.57,88.48
2026-01-01T03:10:00,54.03,49.74,84.59
2026-01-01T03:10:30,53.79,49.2,83.28
2026-01-01T03:11:00,52.54,49.0,80.28
2026-01-01T03:11:30,51.98,48.35,79.95
2026-01-01T03:12:00,53.42,48.38,72.68
2026-01-01T03:12:30,52.39,46.56,65.99
2026-01-01T03:13:00,53.11,46.99,70.07
2026-01-01T03:13:30,54.2,47.17,71.43
2026-01-01T03:14:00,55.33,47.61,74.45
2026-01-01T03:14:30,57.43,47.15,70.83
2026-01-01T03:15:00,56.6,46.64,66.62
2026-01-01T03:15:30,58.3,47.62,65.85
2026-01-01T03:16:00,57.11,47.47,71.38
2026-01-01T03:16:30,56.52,49.46,71.68
2026-01-01T03:17:00,58.31,48.05,72.41
2026-01-01T03:17:30,59.54,47.8,77.12
2026-01-01T03:18:00,59.55,46.67,78.64
2026-01-01T03:18:30,57.76,45.89,79.37
2026-01-01T03:19:00,58.6,45.1,81.08
2026-01-01T03:19:30,57.66,44.62,80.32
2026-01-01T03:20:00,56.27,45.4,86.61
2026-01-01T03:20:30,55.3,44.26,86.19
2026-01-01T03:21:00,55.67,44.87,83.31
2026-01-01T03:21:30,52.49,43.43,86.04
2026-01-01T03:22:00,53.03,43.02,89.82
2026-01-01T03:22:30,53.29,44.34,87.94
2026-01-01T03:23:00,52.41,44.8,90.83
2026-01-01T03:23:30,53.97,45.07,95.14
2026-01-01T03:24:00,54.88,45.7,81.73
2026-01-01T03:24:30,53.97,46.28,74.83
2026-01-01T03:25:00,52.97,46.91,76.44
2026-01-01T03:25:30,54.01,48.31,72.71
2026-01-01T03:26:00,51.74,47.27,79.46
2026-01-01T03:26:30,51.24,66.38,231.44
2026-01-01T03:27:00,58.93,66.95,223.22
2026-01-01T03:27:30,66.62,66.41,226.22
2026-01-01T03:28:00,74.31,70.82,227.32
2026-01-01T03:28:30,82.0,72.98,219.77
2026-01-01T03:29:00,90.24,68.26,227.06
2026-01-01T03:29:30,91.52,70.59,236.91
2026-01-01T03:30:00,87.89,70.23,228.61
2026-01-01T03:30:30,88.86,72.59,232.7
2026-01-01T03:31:00,90.25,70.6,228.03
2026-01-01T03:31:30,89.7,71.18,222.68
2026-01-01T03:32:00,82.0,71.43,213.65
2026-01-01T03:32:30,74.31,67.72,212.24
2026-01-01T03:33:00,66.62,69.92,221.43
2026-01-01T03:33:30,58.93,68.97,216.37
2026-01-01T03:34:00,53.27,51.68,66.49
2026-01-01T03:34:30,53.29,51.71,59.83
2026-01-01T03:35:00,50.72,52.74,61.5
2026-01-01T03:35:30,51.96,50.37,50.25
2026-01-01T03:36:00,52.94,49.21,48.75
2026-01-01T03:36:30,54.63,49.17,42.79
2026-01-01T03:37:00,58.01,48.75,43.81
2026-01-01T03:37:30,57.53,47.8,42.47
2026-01-01T03:38:00,57.47,48.42,45.74
2026-01-01T03:38:30,57.49,47.44,44.93
2026-01-01T03:39:00,60.0,47.66,44.08
2026-01-01T03:39:30,57.4,47.79,48.56
2026-01-01T03:40:00,58.13,47.84,46.7
2026-01-01T03:40:30,55.93,47.01,46.58
2026-01-01T03:41:00,52.05,46.82,52.29
2026-01-01T03:41:30,49.02,48.05,54.93
2026-01-01T03:42:00,46.95,48.59,62.87
2026-01-01T03:42:30,48.55,49.55,64.7
2026-01-01T03:43:00,47.25,49.47,62.58
2026-01-01T03:43:30,46.91,47.77,66.88
2026-01-01T03:44:00,45.16,47.31,70.57
2026-01-01T03:44:30,46.08,47.15,69.48
2026-01-01T03:45:00,44.43,48.46,71.64
2026-01-01T03:45:30,46.4,49.59,71.31
2026-01-01T03:46:00,44.91,50.02,73.3
2026-01-01T03:46:30,43.77,49.16,73.43
2026-01-01T03:47:00,43.95,49.29,72.91
2026-01-01T03:47:30,43.99,49.03,79.67
2026-01-01T03:48:00,46.13,48.78,81.49
2026-01-01T03:48:30,46.31,47.55,76.17
2026-01-01T03:49:00,44.49,48.01,77.0
2026-01-01T03:49:30,43.65,47.98,75.81
2026-01-01T03:50:00,42.79,48.79,77.06
2026-01-01T03:50:30,43.88,47.33,78.02
2026-01-01T03:51:00,44.46,46.2,79.48
2026-01-01T03:51:30,44.28,49.85,72.69
2026-01-01T03:52:00,45.58,48.97,66.42
2026-01-01T03:52:30,44.79,49.25,72.02
2026-01-01T03:53:00,44.59,49.69,71.91
2026-01-01T03:53:30,44.86,48.71,77.26
2026-01-01T03:54:00,47.15,50.44,79.38
2026-01-01T03:54:30,47.0,50.37,77.24
2026-01-01T03:55:00,46.48,50.52,70.49
2026-01-01T03:55:30,44.91,52.34,72.54
2026-01-01T03:56:00,45.94,51.55,74.61
2026-01-01T03:56:30,45.05,51.06,81.61
2026-01-01T03:57:00,45.57,50.71,80.8
2026-01-01T03:57:30,42.72,49.34,81.1
2026-01-01T03:58:00,44.28,49.62,73.87
2026-01-01T03:58:30,42.28,50.09,71.45
2026-01-01T03:59:00,41.12,50.27,72.43
2026-01-01T03:59:30,42.71,50.93,71.03
2026-01-01T04:00:00,40.7,51.8,67.53
2026-01-01T04:00:30,40.59,52.13,73.2
2026-01-01T04:01:00,40.7,51.89,79.61
2026-01-01T04:01:30,39.2,53.11,75.34
2026-01-01T04:02:00,41.21,52.42,75.73
2026-01-01T04:02:30,43.46,53.81,74.02
2026-01-01T04:03:00,40.5,53.62,79.96
2026-01-01T04:03:30,38.33,54.39,80.91
2026-01-01T04:04:00,39.54,56.21,83.3
2026-01-01T04:04:30,37.59,53.95,79.56
2026-01-01T04:05:00,37.01,53.75,84.87
2026-01-01T04:05:30,37.2,53.35,83.67
2026-01-01T04:06:00,38.24,55.06,91.12
2026-01-01T04:06:30,37.9,54.65,95.49
2026-01-01T04:07:00,38.05,57.38,92.89
2026-01-01T04:07:30,36.88,55.85,95.0
2026-01-01T04:08:00,38.82,56.2,95.97
2026-01-01T04:08:30,38.08,55.82,95.09
2026-01-01T04:09:00,38.59,56.32,98.09
2026-01-01T04:09:30,37.82,55.76,97.98
2026-01-01T04:10:00,37.98,55.3,98.1
2026-01-01T04:10:30,37.72,53.48,95.57
2026-01-01T04:11:00,37.48,53.59,92.59
2026-01-01T04:11:30,35.96,52.09,92.9
2026-01-01T04:12:00,37.16,50.78,93.61
2026-01-01T04:12:30,39.28,50.87,97.92
2026-01-01T04:13:00,39.64,50.75,92.5
2026-01-01T04:13:30,40.74,51.77,92.95
2026-01-01T04:14:00,42.0,50.42,99.33
2026-01-01T04:14:30,43.39,50.84,96.61
2026-01-01T04:15:00,43.84,51.17,92.44
2026-01-01T04:15:30,44.16,50.86,88.73
2026-01-01T04:16:00,45.46,50.06,91.9
2026-01-01T04:16:30,45.56,49.98,86.83
2026-01-01T04:17:00,44.1,50.86,86.91
2026-01-01T04:17:30,44.14,50.49,84.24
2026-01-01T04:18:00,41.3,51.34,81.93
2026-01-01T04:18:30,41.29,51.06,80.71
2026-01-01T04:19:00,41.91,52.79,79.21
2026-01-01T04:19:30,43.77,52.82,77.74
2026-01-01T04:20:00,44.0,52.64,77.52
2026-01-01T04:20:30,45.39,51.03,78.6
2026-01-01T04:21:00,45.39,49.6,76.79
2026-01-01T04:21:30,43.85,49.98,78.67
2026-01-01T04:22:00,41.73,49.76,76.75
2026-01-01T04:22:30,40.28,50.04,74.93
2026-01-01T04:23:00,38.23,49.35,75.1
2026-01-01T04:23:30,39.18,49.2,68.24
2026-01-01T04:24:00,38.87,48.58,64.95
2026-01-01T04:24:30,39.73,48.87,62.28
2026-01-01T04:25:00,39.84,48.66,58.19
2026-01-01T04:25:30,41.4,50.52,57.26
2026-01-01T04:26:00,42.99,49.83,54.33
2026-01-01T04:26:30,42.02,50.95,50.68
2026-01-01T04:27:00,41.61,49.9,54.75
2026-01-01T04:27:30,40.81,49.43,63.08
2026-01-01T04:28:00,38.38,48.59,67.05
2026-01-01T04:28:30,39.39,49.85,68.25
2026-01-01T04:29:00,41.18,50.29,72.74
2026-01-01T04:29:30,41.17,50.42,74.0
2026-01-01T04:30:00,40.43,50.66,72.96
2026-01-01T04:30:30,42.06,49.57,73.4
2026-01-01T04:31:00,38.55,50.98,72.06
2026-01-01T04:31:30,38.81,52.37,63.24
2026-01-01T04:32:00,39.03,52.33,59.87
2026-01-01T04:32:30,38.17,52.34,56.56
2026-01-01T04:33:00,40.26,52.99,58.49
2026-01-01T04:33:30,41.72,52.82,56.57
2026-01-01T04:34:00,41.32,52.62,49.37
2026-01-01T04:34:30,41.19,52.13,49.26
2026-01-01T04:35:00,40.61,51.78,50.4
2026-01-01T04:35:30,39.84,51.3,53.48
2026-01-01T04:36:00,37.88,52.03,54.94
2026-01-01T04:36:30,39.95,51.71,64.5
2026-01-01T04:37:00,41.49,51.28,61.03
2026-01-01T04:37:30,42.69,50.65,66.3
2026-01-01T04:38:00,41.05,49.15,69.98
2026-01-01T04:38:30,44.17,50.71,67.44
2026-01-01T04:39:00,47.14,51.22,66.93
2026-01-01T04:39:30,47.42,52.09,63.94
2026-01-01T04:40:00,46.07,51.56,63.45
2026-01-01T04:40:30,44.77,53.01,61.68
2026-01-01T04:41:00,45.39,53.16,59.9
2026-01-01T04:41:30,44.02,54.61,59.88
2026-01-01T04:42:00,43.97,54.6,55.73
2026-01-01T04:42:30,45.61,54.55,60.23
2026-01-01T04:43:00,43.35,54.02,63.74
2026-01-01T04:43:30,46.35,54.1,60.96
2026-01-01T04:44:00,48.7,54.33,64.41
2026-01-01T04:44:30,46.85,55.82,60.21
2026-01-01T04:45:00,44.73,57.36,53.07
2026-01-01T04:45:30,44.3,57.45,54.33
2026-01-01T04:46:00,42.76,58.67,56.52
2026-01-01T04:46:30,42.36,55.95,53.56
2026-01-01T04:47:00,38.49,55.48,55.66
2026-01-01T04:47:30,38.15,55.73,63.51
2026-01-01T04:48:00,40.85,56.62,75.56
2026-01-01T04:48:30,39.18,57.04,72.06
2026-01-01T04:49:00,38.77,56.98,73.37
2026-01-01T04:49:30,36.53,56.52,68.46
2026-01-01T04:50:00,37.49,55.72,79.78
2026-01-01T04:50:30,37.15,57.63,78.04
2026-01-01T04:51:00,40.06,58.75,81.48
2026-01-01T04:51:30,40.37,60.06,81.86
2026-01-01T04:52:00,39.81,60.07,77.63
2026-01-01T04:52:30,40.64,59.53,76.8
2026-01-01T04:53:00,39.88,60.09,71.39
2026-01-01T04:53:30,37.87,60.06,68.83
2026-01-01T04:54:00,38.32,59.93,67.75
2026-01-01T04:54:30,38.06,59.91,68.65
2026-01-01T04:55:00,38.31,59.28,59.57
2026-01-01T04:55:30,38.87,58.4,59.3
2026-01-01T04:56:00,38.11,58.16,69.52
2026-01-01T04:56:30,38.74,56.78,65.71
2026-01-01T04:57:00,41.35,57.37,67.01
2026-01-01T04:57:30,39.69,58.21,65.32
2026-01-01T04:58:00,42.29,57.44,54.03
2026-01-01T04:58:30,41.93,55.62,50.05
2026-01-01T04:59:00,40.78,56.01,47.32
2026-01-01T04:59:30,44.42,56.25,50.7
2026-01-01T05:00:00,44.65,56.27,50.56
2026-01-01T05:00:30,46.71,54.93,49.68
2026-01-01T05:01:00,47.93,53.02,52.37
2026-01-01T05:01:30,45.41,54.73,52.89
2026-01-01T05:02:00,45.59,54.51,52.23
2026-01-01T05:02:30,44.81,55.02,54.9
2026-01-01T05:03:00,42.79,54.95,49.4
2026-01-01T05:03:30,40.14,55.36,48.57
2026-01-01T05:04:00,40.29,54.08,53.59
2026-01-01T05:04:30,41.17,53.63,45.03
2026-01-01T05:05:00,41.76,52.28,41.86
2026-01-01T05:05:30,41.3,51.19,42.49
2026-01-01T05:06:00,40.1,50.48,43.41
2026-01-01T05:06:30,38.62,48.68,42.06
2026-01-01T05:07:00,37.79,48.22,43.78
2026-01-01T05:07:30,36.24,47.5,40.23
2026-01-01T05:08:00,35.94,46.32,44.15
2026-01-01T05:08:30,35.9,46.19,44.93
2026-01-01T05:09:00,34.56,46.17,52.19
2026-01-01T05:09:30,34.21,45.34,55.58
2026-01-01T05:10:00,33.07,47.35,57.78
2026-01-01T05:10:30,33.06,48.07,63.45
2026-01-01T05:11:00,33.82,49.19,60.24
2026-01-01T05:11:30,34.09,48.86,59.06
2026-01-01T05:12:00,34.8,49.75,52.06
2026-01-01T05:12:30,32.32,50.52,55.54
2026-01-01T05:13:00,31.75,49.5,62.16
2026-01-01T05:13:30,32.17,48.82,60.22
2026-01-01T05:14:00,33.13,51.73,55.35
2026-01-01T05:14:30,30.73,51.32,59.85
2026-01-01T05:15:00,30.97,51.81,56.9
2026-01-01T05:15:30,32.78,51.6,54.88
2026-01-01T05:16:00,32.51,52.43,61.04
2026-01-01T05:16:30,32.37,51.43,59.61
2026-01-01T05:17:00,33.05,50.43,58.86
2026-01-01T05:17:30,33.42,51.56,65.31
2026-01-01T05:18:00,34.43,51.76,67.67
2026-01-01T05:18:30,34.54,49.28,63.42
2026-01-01T05:19:00,34.77,49.31,69.44
2026-01-01T05:19:30,33.59,49.12,62.47
2026-01-01T05:20:00,33.34,49.83,66.5
2026-01-01T05:20:30,35.22,50.16,68.46
2026-01-01T05:21:00,34.91,50.5,66.37
2026-01-01T05:21:30,34.66,50.59,63.25
2026-01-01T05:22:00,33.92,50.88,58.8
2026-01-01T05:22:30,35.1,49.72,65.72
2026-01-01T05:23:00,33.82,48.91,66.22
2026-01-01T05:23:30,35.19,48.06,63.69
2026-01-01T05:24:00,33.78,46.71,65.99
2026-01-01T05:24:30,32.19,47.5,70.81
2026-01-01T05:25:00,32.5,48.58,72.08
2026-01-01T05:25:30,32.7,49.19,74.87
2026-01-01T05:26:00,33.14,48.59,78.69
2026-01-01T05:26:30,34.74,48.06,78.92
2026-01-01T05:27:00,34.12,47.62,80.19
2026-01-01T05:27:30,34.78,48.73,79.73
2026-01-01T05:28:00,33.42,49.26,75.76
2026-01-01T05:28:30,35.31,50.99,70.69
2026-01-01T05:29:00,36.26,50.03,72.49
2026-01-01T05:29:30,37.06,49.8,69.66
2026-01-01T05:30:00,37.34,48.54,69.57
2026-01-01T05:30:30,36.16,47.12,68.58
2026-01-01T05:31:00,35.67,46.97,72.47
2026-01-01T05:31:30,36.43,46.63,73.58
2026-01-01T05:32:00,36.4,46.12,74.81
2026-01-01T05:32:30,36.58,44.58,73.66
2026-01-01T05:33:00,34.54,44.78,73.11
2026-01-01T05:33:30,34.81,44.5,71.75
2026-01-01T05:34:00,33.78,45.41,72.75
2026-01-01T05:34:30,32.15,45.96,65.86
2026-01-01T05:35:00,31.92,44.65,65.78
2026-01-01T05:35:30,29.13,45.05,67.25
2026-01-01T05:36:00,30.18,44.45,68.82
2026-01-01T05:36:30,31.46,45.98,64.51
2026-01-01T05:37:00,31.38,45.95,62.82
2026-01-01T05:37:30,29.89,45.45,61.3
2026-01-01T05:38:00,28.47,45.04,59.14
2026-01-01T05:38:30,28.25,43.54,54.27
2026-01-01T05:39:00,24.61,44.81,49.93
2026-01-01T05:39:30,24.88,46.93,49.97
2026-01-01T05:40:00,25.88,45.2,51.51
2026-01-01T05:40:30,25.41,44.95,52.1
2026-01-01T05:41:00,24.67,44.84,48.61
2026-01-01T05:41:30,24.94,44.25,50.15
2026-01-01T05:42:00,25.47,45.46,49.36
2026-01-01T05:42:30,27.11,46.71,47.38
2026-01-01T05:43:00,27.14,46.47,43.67
2026-01-01T05:43:30,26.1,48.54,41.64
2026-01-01T05:44:00,25.41,48.57,44.51
2026-01-01T05:44:30,25.68,48.33,43.77
2026-01-01T05:45:00,28.02,48.61,43.28
2026-01-01T05:45:30,27.54,47.86,39.27
2026-01-01T05:46:00,25.96,49.31,50.43
2026-01-01T05:46:30,24.65,49.93,41.37
2026-01-01T05:47:00,21.51,49.58,33.26
2026-01-01T05:47:30,22.0,49.39,31.16
2026-01-01T05:48:00,19.96,48.48,31.96
2026-01-01T05:48:30,18.11,48.75,39.06
2026-01-01T05:49:00,15.15,47.45,41.11
2026-01-01T05:49:30,13.47,47.45,42.31
2026-01-01T05:50:00,14.32,46.94,45.99
2026-01-01T05:50:30,12.35,47.5,46.37
2026-01-01T05:51:00,9.73,48.55,38.55
2026-01-01T05:51:30,10.0,49.33,39.57
2026-01-01T05:52:00,9.49,49.21,40.44
2026-01-01T05:52:30,10.13,48.5,49.12
2026-01-01T05:53:00,11.24,48.2,46.24
2026-01-01T05:53:30,11.23,48.19,51.26
2026-01-01T05:54:00,9.28,48.67,45.82
2026-01-01T05:54:30,9.1,48.11,51.96
2026-01-01T05:55:00,9.85,47.14,52.49
2026-01-01T05:55:30,8.98,47.31,55.83
2026-01-01T05:56:00,6.82,48.67,58.65
2026-01-01T05:56:30,8.47,50.54,61.36
2026-01-01T05:57:00,7.85,51.34,61.75
2026-01-01T05:57:30,7.24,50.35,59.13
2026-01-01T05:58:00,7.26,51.75,58.49
2026-01-01T05:58:30,8.81,50.91,55.43
2026-01-01T05:59:00,9.2,50.14,54.98
2026-01-01T05:59:30,8.7,50.57,48.54
2026-01-01T06:00:00,9.72,49.19,49.23
2026-01-01T06:00:30,12.95,49.99,53.14
2026-01-01T06:01:00,15.03,49.93,57.95
2026-01-01T06:01:30,16.04,50.33,63.2
2026-01-01T06:02:00,14.35,49.51,63.81
2026-01-01T06:02:30,19.98,50.36,63.19
2026-01-01T06:03:00,18.18,50.87,62.17
2026-01-01T06:03:30,17.63,50.51,63.74
2026-01-01T06:04:00,16.58,51.45,66.61
2026-01-01T06:04:30,19.02,48.79,67.96
2026-01-01T06:05:00,19.65,49.15,62.58
2026-01-01T06:05:30,17.51,49.05,68.09
2026-01-01T06:06:00,17.91,48.25,70.0
2026-01-01T06:06:30,18.73,48.43,73.97
2026-01-01T06:07:00,18.25,48.93,74.17
2026-01-01T06:07:30,16.42,48.19,73.13
2026-01-01T06:08:00,15.33,48.07,80.88
2026-01-01T06:08:30,14.68,48.03,76.6
2026-01-01T06:09:00,14.71,48.42,69.85
2026-01-01T06:09:30,13.93,49.65,77.83
2026-01-01T06:10:00,15.03,49.19,78.79
2026-01-01T06:10:30,13.61,50.5,77.08
2026-01-01T06:11:00,11.01,49.2,74.74
2026-01-01T06:11:30,9.9,49.5,66.72
2026-01-01T06:12:00,11.93,47.78,74.18
2026-01-01T06:12:30,11.07,47.85,77.01
2026-01-01T06:13:00,14.58,48.57,79.05
2026-01-01T06:13:30,15.31,50.6,82.35
2026-01-01T06:14:00,13.57,50.65,78.69
2026-01-01T06:14:30,12.32,49.9,80.52
2026-01-01T06:15:00,12.68,50.92,84.86
2026-01-01T06:15:30,10.91,50.96,76.04
2026-01-01T06:16:00,14.48,51.06,78.43
2026-01-01T06:16:30,12.99,51.98,81.42
2026-01-01T06:17:00,14.01,53.07,81.82
2026-01-01T06:17:30,16.2,51.34,78.28
2026-01-01T06:18:00,16.04,51.39,77.62
2026-01-01T06:18:30,14.54,51.38,75.78
2026-01-01T06:19:00,14.13,50.31,77.24
2026-01-01T06:19:30,14.68,48.68,75.11
2026-01-01T06:20:00,15.99,48.62,78.17
2026-01-01T06:20:30,16.08,48.15,76.09
2026-01-01T06:21:00,13.98,47.43,74.01
2026-01-01T06:21:30,14.04,47.29,78.69
2026-01-01T06:22:00,13.03,46.94,78.04
2026-01-01T06:22:30,9.75,46.96,80.17
2026-01-01T06:23:00,8.71,48.53,74.98
2026-01-01T06:23:30,6.56,48.5,81.06
2026-01-01T06:24:00,7.44,50.38,75.26
2026-01-01T06:24:30,10.36,51.63,75.64
2026-01-01T06:25:00,13.14,52.59,74.75
2026-01-01T06:25:30,12.28,51.87,71.69
2026-01-01T06:26:00,11.58,51.57,70.6
2026-01-01T06:26:30,12.62,50.65,75.54
2026-01-01T06:27:00,14.21,51.07,82.49
2026-01-01T06:27:30,13.58,51.0,81.54
2026-01-01T06:28:00,13.37,51.44,80.12
2026-01-01T06:28:30,16.68,51.75,72.6
2026-01-01T06:29:00,16.52,51.91,79.46
2026-01-01T06:29:30,15.79,51.56,75.2
2026-01-01T06:30:00,15.97,50.58,71.56
2026-01-01T06:30:30,16.84,50.14,71.98
2026-01-01T06:31:00,15.3,50.86,74.92
2026-01-01T06:31:30,14.93,50.7,81.01
2026-01-01T06:32:00,13.18,50.64,89.71
2026-01-01T06:32:30,12.77,51.5,92.72
2026-01-01T06:33:00,15.58,51.99,90.8
2026-01-01T06:33:30,16.69,50.52,88.17
2026-01-01T06:34:00,16.55,50.44,87.46
2026-01-01T06:34:30,15.15,49.56,90.68
2026-01-01T06:35:00,14.69,49.51,94.5
2026-01-01T06:35:30,16.26,49.9,96.97
2026-01-01T06:36:00,15.42,50.41,89.39
2026-01-01T06:36:30,17.6,52.07,87.12
2026-01-01T06:37:00,15.54,51.57,92.95
2026-01-01T06:37:30,15.1,51.28,90.82
2026-01-01T06:38:00,17.72,51.85,90.5
2026-01-01T06:38:30,14.7,52.81,101.4
2026-01-01T06:39:00,16.49,51.78,101.11
2026-01-01T06:39:30,13.71,52.47,106.8
2026-01-01T06:40:00,13.57,53.13,114.16
2026-01-01T06:40:30,13.32,52.98,117.19
2026-01-01T06:41:00,14.55,52.7,115.45
2026-01-01T06:41:30,9.82,53.44,106.33
2026-01-01T06:42:00,6.94,53.86,102.89
2026-01-01T06:42:30,6.09,54.26,105.47
2026-01-01T06:43:00,6.15,53.53,107.83
2026-01-01T06:43:30,5.0,51.81,112.52
2026-01-01T06:44:00,5.0,51.72,108.1
2026-01-01T06:44:30,5.0,51.44,108.9
2026-01-01T06:45:00,5.0,51.9,100.7
2026-01-01T06:45:30,5.0,51.14,97.17
2026-01-01T06:46:00,5.37,51.77,99.28
2026-01-01T06:46:30,6.24,52.18,90.55
2026-01-01T06:47:00,8.39,51.44,93.82
2026-01-01T06:47:30,7.4,52.39,101.14
2026-01-01T06:48:00,6.93,52.04,95.4
2026-01-01T06:48:30,7.0,51.35,94.36
2026-01-01T06:49:00,6.56,51.6,101.24
2026-01-01T06:49:30,6.48,51.58,103.24
2026-01-01T06:50:00,5.0,50.68,104.83
2026-01-01T06:50:30,5.56,51.3,105.26
2026-01-01T06:51:00,5.0,51.29,99.77
2026-01-01T06:51:30,5.0,50.53,99.23
2026-01-01T06:52:00,5.0,48.78,104.37
2026-01-01T06:52:30,6.74,49.2,104.72
2026-01-01T06:53:00,6.53,49.3,107.61
2026-01-01T06:53:30,8.25,49.42,106.16
2026-01-01T06:54:00,8.66,50.8,102.67
2026-01-01T06:54:30,6.11,48.31,100.95
2026-01-01T06:55:00,5.0,49.58,96.74
2026-01-01T06:55:30,6.14,50.94,91.29
2026-01-01T06:56:00,5.0,49.96,91.21
2026-01-01T06:56:30,5.0,50.98,90.29
2026-01-01T06:57:00,5.0,50.16,86.53
2026-01-01T06:57:30,5.0,49.12,89.32
2026-01-01T06:58:00,5.0,49.02,85.59
2026-01-01T06:58:30,5.0,50.85,87.29
2026-01-01T06:59:00,5.0,51.21,89.28
2026-01-01T06:59:30,5.0,51.26,95.95
2026-01-01T07:00:00,5.75,52.15,97.32
2026-01-01T07:00:30,5.0,51.52,100.48
2026-01-01T07:01:00,6.96,53.02,100.77
2026-01-01T07:01:30,5.23,54.59,95.15
2026-01-01T07:02:00,5.0,55.02,98.57
2026-01-01T07:02:30,6.78,54.23,105.29
2026-01-01T07:03:00,5.0,55.3,104.79
2026-01-01T07:03:30,5.0,55.6,113.16
2026-01-01T07:04:00,5.9,56.24,116.86
2026-01-01T07:04:30,5.4,57.38,124.86
2026-01-01T07:05:00,5.0,57.82,124.14
2026-01-01T07:05:30,5.28,56.91,120.6
2026-01-01T07:06:00,5.0,58.4,120.82
2026-01-01T07:06:30,6.93,58.68,117.92
2026-01-01T07:07:00,7.81,59.01,118.71
2026-01-01T07:07:30,12.36,59.62,117.75
2026-01-01T07:08:00,9.89,59.93,118.4
2026-01-01T07:08:30,9.86,60.68,118.04
2026-01-01T07:09:00,8.26,60.88,114.15
2026-01-01T07:09:30,9.99,60.7,112.03
2026-01-01T07:10:00,11.23,60.15,117.11
2026-01-01T07:10:30,12.36,59.64,116.85
2026-01-01T07:11:00,11.19,59.35,111.49
2026-01-01T07:11:30,10.07,60.34,103.42
2026-01-01T07:12:00,7.03,60.0,102.13
2026-01-01T07:12:30,9.59,59.89,103.25
2026-01-01T07:13:00,10.36,59.79,98.53
2026-01-01T07:13:30,9.96,60.33,91.38
2026-01-01T07:14:00,11.36,60.97,93.62
2026-01-01T07:14:30,12.49,62.95,106.4
2026-01-01T07:15:00,13.95,61.56,109.88
2026-01-01T07:15:30,11.52,61.33,105.9
2026-01-01T07:16:00,10.45,61.9,105.43
2026-01-01T07:16:30,10.74,60.22,104.95
2026-01-01T07:17:00,11.27,61.96,99.86
2026-01-01T07:17:30,12.71,61.84,94.25
2026-01-01T07:18:00,11.2,61.05,93.68
2026-01-01T07:18:30,11.39,62.02,96.84
2026-01-01T07:19:00,14.7,59.82,97.85
2026-01-01T07:19:30,15.73,60.03,95.12
2026-01-01T07:20:00,17.04,59.04,97.15
2026-01-01T07:20:30,17.01,81.95,249.7
2026-01-01T07:21:00,30.81,82.22,238.75
2026-01-01T07:21:30,44.61,79.02,245.33
2026-01-01T07:22:00,58.4,78.32,235.59
2026-01-01T07:22:30,72.2,83.86,251.32
2026-01-01T07:23:00,84.77,81.6,243.38
2026-01-01T07:23:30,86.51,85.3,252.4
2026-01-01T07:24:00,87.06,85.21,252.0
2026-01-01T07:24:30,86.39,80.68,253.34
2026-01-01T07:25:00,84.67,83.58,249.5
2026-01-01T07:25:30,86.0,77.25,264.03
2026-01-01T07:26:00,72.2,81.06,264.75
2026-01-01T07:26:30,58.4,82.88,261.94
2026-01-01T07:27:00,44.61,78.81,258.93
2026-01-01T07:27:30,30.81,76.92,263.93
2026-01-01T07:28:00,26.85,60.24,124.56
2026-01-01T07:28:30,25.76,58.2,122.17
2026-01-01T07:29:00,25.87,61.35,122.93
2026-01-01T07:29:30,24.11,62.5,117.6
2026-01-01T07:30:00,23.25,62.87,114.21
2026-01-01T07:30:30,24.51,64.77,115.52
2026-01-01T07:31:00,24.45,65.05,119.72
2026-01-01T07:31:30,26.62,64.15,119.72
2026-01-01T07:32:00,26.32,65.18,125.86
2026-01-01T07:32:30,26.02,63.54,131.81
2026-01-01T07:33:00,27.94,64.14,127.88
2026-01-01T07:33:30,26.97,65.34,127.48
2026-01-01T07:34:00,24.69,65.88,125.46
2026-01-01T07:34:30,26.64,64.43,128.76
2026-01-01T07:35:00,27.26,64.63,131.63
2026-01-01T07:35:30,24.01,64.51,128.45
2026-01-01T07:36:00,24.08,63.77,132.15
2026-01-01T07:36:30,23.47,61.45,126.87
2026-01-01T07:37:00,26.09,60.27,131.58
2026-01-01T07:37:30,25.0,59.77,121.82
2026-01-01T07:38:00,24.13,60.89,121.11
2026-01-01T07:38:30,22.76,63.65,118.27
2026-01-01T07:39:00,21.18,64.5,120.98
2026-01-01T07:39:30,20.13,63.72,121.99
2026-01-01T07:40:00,17.97,63.29,113.22
2026-01-01T07:40:30,16.43,64.38,107.84
2026-01-01T07:41:00,14.02,64.99,105.49
2026-01-01T07:41:30,11.77,65.38,110.23
2026-01-01T07:42:00,9.43,65.62,116.75
2026-01-01T07:42:30,8.65,66.82,119.48
2026-01-01T07:43:00,7.62,69.05,125.17
2026-01-01T07:43:30,5.79,69.06,122.16
2026-01-01T07:44:00,6.5,69.22,123.83
2026-01-01T07:44:30,6.43,69.73,124.33
2026-01-01T07:45:00,5.78,69.27,120.01
2026-01-01T07:45:30,5.09,67.07,118.61
2026-01-01T07:46:00,7.48,67.57,117.18
2026-01-01T07:46:30,7.84,66.83,119.01
2026-01-01T07:47:00,8.55,68.15,120.99
2026-01-01T07:47:30,5.0,68.33,118.8
2026-01-01T07:48:00,5.0,69.83,116.67
2026-01-01T07:48:30,5.0,68.97,109.07
2026-01-01T07:49:00,5.0,70.0,111.09
2026-01-01T07:49:30,5.56,68.37,110.67
2026-01-01T07:50:00,5.0,69.31,110.56
2026-01-01T07:50:30,5.78,69.07,112.74
2026-01-01T07:51:00,5.0,70.0,110.76
2026-01-01T07:51:30,5.86,69.64,106.9
2026-01-01T07:52:00,5.0,70.0,104.5
2026-01-01T07:52:30,5.0,70.0,103.12
2026-01-01T07:53:00,5.63,70.0,103.99
2026-01-01T07:53:30,6.43,70.0,101.57
2026-01-01T07:54:00,6.24,70.0,99.81
2026-01-01T07:54:30,9.15,69.44,94.49
2026-01-01T07:55:00,8.53,70.0,92.86
2026-01-01T07:55:30,7.85,69.65,85.87
2026-01-01T07:56:00,5.0,70.0,83.23
2026-01-01T07:56:30,7.65,70.0,85.39
2026-01-01T07:57:00,7.1,69.2,86.07
2026-01-01T07:57:30,5.34,67.05,85.45
2026-01-01T07:58:00,7.32,67.21,84.55
2026-01-01T07:58:30,9.17,66.52,88.15
2026-01-01T07:59:00,9.33,65.99,83.44
2026-01-01T07:59:30,7.18,65.66,85.21
2026-01-01T08:00:00,7.81,65.13,82.34
2026-01-01T08:00:30,6.88,66.56,83.45
2026-01-01T08:01:00,5.12,67.68,82.84
2026-01-01T08:01:30,6.69,68.84,80.67
2026-01-01T08:02:00,5.0,70.0,81.92
2026-01-01T08:02:30,5.85,69.23,79.34
2026-01-01T08:03:00,6.54,66.73,74.48
2026-01-01T08:03:30,9.62,68.76,72.55
2026-01-01T08:04:00,10.1,69.01,67.53
2026-01-01T08:04:30,7.02,68.95,68.11
2026-01-01T08:05:00,5.76,67.15,65.68
2026-01-01T08:05:30,5.86,65.8,60.63
2026-01-01T08:06:00,6.39,66.49,62.08
2026-01-01T08:06:30,7.86,66.34,63.69
2026-01-01T08:07:00,5.0,64.19,62.95
2026-01-01T08:07:30,5.0,63.25,61.78
2026-01-01T08:08:00,6.45,64.3,65.44
2026-01-01T08:08:30,8.77,65.58,64.35
2026-01-01T08:09:00,11.56,65.79,65.38
2026-01-01T08:09:30,10.98,68.63,60.84
2026-01-01T08:10:00,12.62,69.65,63.07
2026-01-01T08:10:30,15.19,70.0,62.5
2026-01-01T08:11:00,16.99,70.0,64.58
2026-01-01T08:11:30,18.07,70.0,63.48
2026-01-01T08:12:00,19.32,68.66,60.47
2026-01-01T08:12:30,18.13,67.06,55.66
2026-01-01T08:13:00,15.96,66.32,54.84
2026-01-01T08:13:30,17.43,66.58,53.0
2026-01-01T08:14:00,16.91,66.58,47.81
2026-01-01T08:14:30,16.87,66.95,52.82
2026-01-01T08:15:00,16.0,66.93,56.92
2026-01-01T08:15:30,15.41,67.41,48.78
2026-01-01T08:16:00,15.76,68.4,40.22
2026-01-01T08:16:30,14.23,68.41,34.14
2026-01-01T08:17:00,14.33,68.12,34.77
2026-01-01T08:17:30,14.7,65.5,45.49
2026-01-01T08:18:00,14.59,66.37,40.76
2026-01-01T08:18:30,13.47,65.6,39.49
2026-01-01T08:19:00,14.65,64.69,44.83
2026-01-01T08:19:30,17.46,65.55,42.84
2026-01-01T08:20:00,16.56,66.47,47.31
2026-01-01T08:20:30,18.41,67.15,51.04
2026-01-01T08:21:00,19.74,68.11,50.93
2026-01-01T08:21:30,15.76,67.01,54.46
2026-01-01T08:22:00,14.62,66.78,58.2
2026-01-01T08:22:30,13.67,66.23,52.59
2026-01-01T08:23:00,14.84,67.96,51.89
2026-01-01T08:23:30,15.12,68.83,49.37
2026-01-01T08:24:00,15.83,68.58,49.49
2026-01-01T08:24:30,16.79,69.42,44.64
2026-01-01T08:25:00,15.44,69.8,40.65
2026-01-01T08:25:30,14.32,69.68,40.87
2026-01-01T08:26:00,12.49,70.0,40.84
2026-01-01T08:26:30,12.23,70.0,46.39
2026-01-01T08:27:00,12.05,69.86,47.23
2026-01-01T08:27:30,12.31,68.61,52.96
2026-01-01T08:28:00,11.22,68.96,58.2
2026-01-01T08:28:30,12.58,68.7,62.75
2026-01-01T08:29:00,13.95,67.55,48.61
2026-01-01T08:29:30,16.27,66.78,45.52
2026-01-01T08:30:00,17.34,66.53,47.37
2026-01-01T08:30:30,17.62,66.56,42.08
2026-01-01T08:31:00,18.63,67.12,39.97
2026-01-01T08:31:30,19.54,66.91,42.64
2026-01-01T08:32:00,18.56,67.36,42.83
2026-01-01T08:32:30,20.5,66.99,41.44
2026-01-01T08:33:00,23.08,67.53,48.37
2026-01-01T08:33:30,26.04,67.94,46.68
2026-01-01T08:34:00,26.09,68.51,51.12
2026-01-01T08:34:30,26.58,69.94,50.93
2026-01-01T08:35:00,27.21,69.66,51.32
2026-01-01T08:35:30,27.2,68.07,49.89
2026-01-01T08:36:00,28.13,67.99,46.53
2026-01-01T08:36:30,27.95,68.8,45.64
2026-01-01T08:37:00,27.66,68.82,40.18
2026-01-01T08:37:30,30.3,69.14,42.62
2026-01-01T08:38:00,30.54,67.42,43.07
2026-01-01T08:38:30,30.64,66.58,41.31
2026-01-01T08:39:00,31.97,67.12,44.49
2026-01-01T08:39:30,32.19,67.9,40.32
2026-01-01T08:40:00,32.63,67.15,32.45
2026-01-01T08:40:30,32.53,67.52,34.14
2026-01-01T08:41:00,30.7,66.81,28.63
2026-01-01T08:41:30,30.66,65.65,23.05
2026-01-01T08:42:00,28.95,65.73,23.7
2026-01-01T08:42:30,29.27,65.94,27.56
2026-01-01T08:43:00,27.5,66.34,24.45
2026-01-01T08:43:30,28.87,67.07,20.88
2026-01-01T08:44:00,29.99,68.75,26.91
2026-01-01T08:44:30,30.41,69.69,21.26
2026-01-01T08:45:00,30.26,69.33,24.65
2026-01-01T08:45:30,30.89,70.0,26.37
2026-01-01T08:46:00,27.94,68.53,23.46
2026-01-01T08:46:30,26.3,68.63,22.92
2026-01-01T08:47:00,26.07,69.69,19.48
2026-01-01T08:47:30,26.59,70.0,16.81
2026-01-01T08:48:00,26.47,70.0,16.2
2026-01-01T08:48:30,24.97,70.0,13.37
2026-01-01T08:49:00,25.17,69.26,6.78
2026-01-01T08:49:30,24.48,70.0,9.63
2026-01-01T08:50:00,22.88,69.91,7.22
2026-01-01T08:50:30,23.38,70.0,10.4
2026-01-01T08:51:00,23.06,70.0,9.79
2026-01-01T08:51:30,24.86,70.0,21.04
2026-01-01T08:52:00,25.85,70.0,23.27
2026-01-01T08:52:30,26.96,70.0,17.89
2026-01-01T08:53:00,27.44,69.79,12.4
2026-01-01T08:53:30,26.17,69.42,8.81
2026-01-01T08:54:00,24.77,68.73,7.1
2026-01-01T08:54:30,22.56,69.77,0.49
2026-01-01T08:55:00,26.88,70.0,0.0
2026-01-01T08:55:30,25.26,69.76,0.06
2026-01-01T08:56:00,24.95,67.95,0.0
2026-01-01T08:56:30,24.4,67.31,0.0
2026-01-01T08:57:00,23.98,67.75,0.93
2026-01-01T08:57:30,23.11,66.8,0.0
2026-01-01T08:58:00,20.3,64.84,2.42
2026-01-01T08:58:30,18.81,64.4,2.76
2026-01-01T08:59:00,16.72,62.36,7.13
2026-01-01T08:59:30,16.53,62.68,9.79
2026-01-01T09:00:00,15.5,62.28,8.94
2026-01-01T09:00:30,14.47,62.34,8.31
2026-01-01T09:01:00,14.8,63.64,10.15
2026-01-01T09:01:30,13.92,62.73,11.67
2026-01-01T09:02:00,15.32,60.58,4.89
2026-01-01T09:02:30,14.74,60.55,8.6
2026-01-01T09:03:00,15.08,61.02,6.36
2026-01-01T09:03:30,13.09,59.59,10.89
2026-01-01T09:04:00,14.08,59.22,11.61
2026-01-01T09:04:30,13.47,58.88,9.01
2026-01-01T09:05:00,14.08,58.91,9.01
2026-01-01T09:05:30,14.58,58.29,14.77
2026-01-01T09:06:00,14.32,60.95,11.77
2026-01-01T09:06:30,14.64,60.69,4.94
2026-01-01T09:07:00,14.07,60.88,3.91
2026-01-01T09:07:30,16.09,60.39,8.95
2026-01-01T09:08:00,17.49,57.75,15.3
2026-01-01T09:08:30,18.21,59.13,19.43
2026-01-01T09:09:00,16.44,55.97,10.95
2026-01-01T09:09:30,14.79,57.33,10.0
2026-01-01T09:10:00,13.8,56.01,8.09
2026-01-01T09:10:30,13.43,54.65,7.39
2026-01-01T09:11:00,14.1,54.54,3.01
2026-01-01T09:11:30,12.76,56.74,1.91
2026-01-01T09:12:00,14.52,57.06,0.0
2026-01-01T09:12:30,14.53,56.87,9.28
2026-01-01T09:13:00,11.51,56.1,9.52
2026-01-01T09:13:30,10.79,56.75,7.45
2026-01-01T09:14:00,6.92,56.38,2.49
2026-01-01T09:14:30,5.79,57.09,6.32
2026-01-01T09:15:00,5.0,55.13,8.66
2026-01-01T09:15:30,5.0,55.66,13.31
2026-01-01T09:16:00,5.0,55.98,14.69
2026-01-01T09:16:30,5.0,54.62,12.82
2026-01-01T09:17:00,5.0,53.58,9.91
2026-01-01T09:17:30,7.25,53.44,6.85
2026-01-01T09:18:00,9.08,52.95,5.23
2026-01-01T09:18:30,7.36,53.24,7.97
2026-01-01T09:19:00,9.24,51.8,5.76
2026-01-01T09:19:30,6.81,50.92,6.9
2026-01-01T09:20:00,5.59,53.03,9.91
2026-01-01T09:20:30,7.88,52.19,8.1
2026-01-01T09:21:00,5.0,51.76,12.01
2026-01-01T09:21:30,5.86,51.59,13.69
2026-01-01T09:22:00,5.0,51.31,15.22
2026-01-01T09:22:30,5.0,52.52,15.12
2026-01-01T09:23:00,5.0,51.94,15.81
2026-01-01T09:23:30,7.55,52.8,12.37
2026-01-01T09:24:00,6.33,51.94,9.02
2026-01-01T09:24:30,6.23,52.72,10.02
2026-01-01T09:25:00,7.17,52.5,13.6
2026-01-01T09:25:30,6.79,52.33,12.67
2026-01-01T09:26:00,5.56,52.24,14.68
2026-01-01T09:26:30,5.47,52.79,13.76
2026-01-01T09:27:00,5.61,51.6,10.63
2026-01-01T09:27:30,6.93,50.63,10.68
2026-01-01T09:28:00,5.52,52.66,12.22
2026-01-01T09:28:30,5.0,53.17,9.46
2026-01-01T09:29:00,5.48,52.81,7.08
2026-01-01T09:29:30,5.23,53.45,5.1
2026-01-01T09:30:00,5.0,53.39,5.84
2026-01-01T09:30:30,5.0,51.14,0.0
2026-01-01T09:31:00,5.0,51.3,1.1
2026-01-01T09:31:30,5.0,51.18,2.14
2026-01-01T09:32:00,5.66,51.53,2.97
2026-01-01T09:32:30,5.0,50.75,0.72
2026-01-01T09:33:00,6.75,50.53,1.84
2026-01-01T09:33:30,7.07,51.67,0.0
2026-01-01T09:34:00,5.16,51.52,0.0
2026-01-01T09:34:30,5.58,51.09,3.2
2026-01-01T09:35:00,5.83,51.46,0.0
2026-01-01T09:35:30,6.98,51.07,0.0
2026-01-01T09:36:00,8.72,52.13,0.0
2026-01-01T09:36:30,8.17,51.96,2.6
2026-01-01T09:37:00,7.1,52.32,0.0
2026-01-01T09:37:30,6.2,51.62,0.0
2026-01-01T09:38:00,5.0,50.37,0.0
2026-01-01T09:38:30,5.0,51.09,6.62
2026-01-01T09:39:00,5.43,51.35,5.52
2026-01-01T09:39:30,5.45,51.99,3.44
2026-01-01T09:40:00,5.0,52.73,3.9
2026-01-01T09:40:30,5.0,51.26,7.35
2026-01-01T09:41:00,5.52,51.38,0.0
2026-01-01T09:41:30,5.0,49.37,0.0
2026-01-01T09:42:00,5.0,49.89,0.87
2026-01-01T09:42:30,5.0,48.8,0.0
2026-01-01T09:43:00,5.0,49.27,0.0
2026-01-01T09:43:30,5.0,50.0,0.0
2026-01-01T09:44:00,6.24,49.46,0.63
2026-01-01T09:44:30,7.51,49.43,1.93
2026-01-01T09:45:00,7.57,50.66,9.77
2026-01-01T09:45:30,7.77,49.0,3.21
2026-01-01T09:46:00,8.56,49.65,0.0
2026-01-01T09:46:30,8.51,49.77,0.0
2026-01-01T09:47:00,9.85,50.71,3.89
2026-01-01T09:47:30,12.33,49.06,0.31
2026-01-01T09:48:00,12.45,49.07,0.0
2026-01-01T09:48:30,13.11,50.17,3.25
2026-01-01T09:49:00,14.42,51.53,0.29
2026-01-01T09:49:30,13.92,50.76,4.75
2026-01-01T09:50:00,12.22,50.48,5.61
2026-01-01T09:50:30,13.58,52.32,2.96
2026-01-01T09:51:00,11.23,50.9,6.54
2026-01-01T09:51:30,13.91,50.86,9.8
2026-01-01T09:52:00,15.22,51.03,15.81
2026-01-01T09:52:30,15.5,51.21,14.15
2026-01-01T09:53:00,15.58,50.27,12.88
2026-01-01T09:53:30,18.2,51.24,18.77
2026-01-01T09:54:00,16.79,52.13,23.21
2026-01-01T09:54:30,15.05,53.94,24.24
2026-01-01T09:55:00,14.15,53.15,20.84
2026-01-01T09:55:30,13.76,52.67,16.65
2026-01-01T09:56:00,12.25,53.76,10.93
2026-01-01T09:56:30,12.48,55.58,6.97
2026-01-01T09:57:00,12.68,55.57,6.14
2026-01-01T09:57:30,11.46,54.04,1.37
2026-01-01T09:58:00,13.86,53.83,4.25
2026-01-01T09:58:30,11.78,54.79,0.0
2026-01-01T09:59:00,9.86,55.47,0.0
2026-01-01T09:59:30,10.43,56.58,0.0
2026-01-01T10:00:00,10.11,58.51,2.43
2026-01-01T10:00:30,10.74,58.08,4.53
2026-01-01T10:01:00,9.81,57.17,0.0
2026-01-01T10:01:30,8.26,55.97,0.91
2026-01-01T10:02:00,7.29,55.85,0.0
2026-01-01T10:02:30,6.27,56.86,1.17
2026-01-01T10:03:00,7.06,58.59,0.0
2026-01-01T10:03:30,6.34,58.81,0.51
2026-01-01T10:04:00,7.48,58.83,6.39
2026-01-01T10:04:30,8.36,58.69,14.55
2026-01-01T10:05:00,9.92,59.92,18.89
2026-01-01T10:05:30,11.27,59.16,14.77
2026-01-01T10:06:00,12.45,59.05,12.69
2026-01-01T10:06:30,13.6,58.97,8.96
2026-01-01T10:07:00,12.83,58.95,6.52
2026-01-01T10:07:30,12.44,60.76,0.0
2026-01-01T10:08:00,9.69,59.86,0.0
2026-01-01T10:08:30,10.13,62.32,4.47
2026-01-01T10:09:00,9.12,61.66,13.41
2026-01-01T10:09:30,9.72,60.84,15.15
2026-01-01T10:10:00,10.51,60.18,15.96
2026-01-01T10:10:30,8.48,60.83,18.65
2026-01-01T10:11:00,6.96,60.82,12.33
2026-01-01T10:11:30,6.44,61.94,8.95
2026-01-01T10:12:00,5.66,61.11,12.17
2026-01-01T10:12:30,5.91,59.44,11.24
2026-01-01T10:13:00,5.0,59.07,9.76
2026-01-01T10:13:30,5.07,59.35,13.18
2026-01-01T10:14:00,5.0,57.88,5.55
2026-01-01T10:14:30,5.0,57.77,10.22
2026-01-01T10:15:00,6.07,58.31,6.97
2026-01-01T10:15:30,5.0,57.5,9.23
2026-01-01T10:16:00,5.0,56.68,9.23
2026-01-01T10:16:30,5.0,55.58,12.14
2026-01-01T10:17:00,5.0,55.44,16.11
2026-01-01T10:17:30,5.0,55.9,12.06
2026-01-01T10:18:00,5.0,58.64,15.41
2026-01-01T10:18:30,6.47,59.81,17.44
2026-01-01T10:19:00,7.15,58.55,23.14
2026-01-01T10:19:30,6.76,57.01,21.03
2026-01-01T10:20:00,7.89,56.9,25.78
2026-01-01T10:20:30,9.57,58.47,28.69
2026-01-01T10:21:00,10.18,59.13,26.93
2026-01-01T10:21:30,9.58,58.6,30.93
2026-01-01T10:22:00,11.1,59.6,29.44
2026-01-01T10:22:30,13.76,60.98,33.09
2026-01-01T10:23:00,14.75,62.44,32.69
2026-01-01T10:23:30,17.4,61.38,33.13
2026-01-01T10:24:00,18.79,61.81,33.4
2026-01-01T10:24:30,20.07,60.53,37.45
2026-01-01T10:25:00,18.43,59.73,37.11
2026-01-01T10:25:30,16.76,58.45,39.43
2026-01-01T10:26:00,16.69,58.19,41.83
2026-01-01T10:26:30,14.18,56.75,38.39
2026-01-01T10:27:00,13.29,57.53,42.09
2026-01-01T10:27:30,14.59,57.51,47.98
2026-01-01T10:28:00,13.6,56.65,50.02
2026-01-01T10:28:30,14.4,57.13,51.64
2026-01-01T10:29:00,12.37,58.66,48.24
2026-01-01T10:29:30,11.63,59.01,53.39
2026-01-01T10:30:00,13.16,58.43,47.26
2026-01-01T10:30:30,13.48,58.14,47.84
2026-01-01T10:31:00,13.91,58.04,54.03
2026-01-01T10:31:30,16.47,57.34,51.28
2026-01-01T10:32:00,18.41,55.63,53.44
2026-01-01T10:32:30,17.1,55.25,50.53
2026-01-01T10:33:00,19.08,56.49,53.17
2026-01-01T10:33:30,18.15,55.66,47.51
2026-01-01T10:34:00,18.13,53.73,45.86
2026-01-01T10:34:30,18.15,53.64,43.31
2026-01-01T10:35:00,19.76,54.75,43.71
2026-01-01T10:35:30,18.06,53.02,36.91
2026-01-01T10:36:00,18.74,53.21,42.94
2026-01-01T10:36:30,19.53,53.63,44.18
2026-01-01T10:37:00,20.75,54.16,42.22
2026-01-01T10:37:30,20.43,54.72,48.18
2026-01-01T10:38:00,21.94,55.33,48.08
2026-01-01T10:38:30,20.87,53.74,49.11
2026-01-01T10:39:00,22.59,54.36,50.26
2026-01-01T10:39:30,23.12,55.74,56.62
2026-01-01T10:40:00,21.02,55.52,57.25
2026-01-01T10:40:30,21.63,55.89,52.98
2026-01-01T10:41:00,21.9,54.87,53.34
2026-01-01T10:41:30,21.36,56.18,55.02
2026-01-01T10:42:00,20.26,55.56,54.92
2026-01-01T10:42:30,19.9,57.21,52.32
2026-01-01T10:43:00,17.74,56.83,49.09
2026-01-01T10:43:30,20.27,57.5,42.3
2026-01-01T10:44:00,18.58,56.97,44.22
2026-01-01T10:44:30,17.59,58.85,40.89
2026-01-01T10:45:00,19.31,56.88,38.32
2026-01-01T10:45:30,20.18,57.25,40.35
2026-01-01T10:46:00,21.26,55.17,44.67
2026-01-01T10:46:30,23.54,53.96,40.53
2026-01-01T10:47:00,23.07,55.85,39.12
2026-01-01T10:47:30,21.5,56.76,37.55
2026-01-01T10:48:00,22.77,54.75,39.57
2026-01-01T10:48:30,23.96,54.74,35.41
2026-01-01T10:49:00,23.47,54.13,32.2
2026-01-01T10:49:30,21.57,54.69,33.88
2026-01-01T10:50:00,23.43,56.55,31.47
2026-01-01T10:50:30,24.29,57.2,27.35
2026-01-01T10:51:00,22.23,57.63,27.31
2026-01-01T10:51:30,23.4,58.14,23.64
2026-01-01T10:52:00,21.24,57.05,22.55
2026-01-01T10:52:30,20.52,57.75,27.69
2026-01-01T10:53:00,18.83,58.67,26.98
2026-01-01T10:53:30,17.88,58.06,26.43
2026-01-01T10:54:00,16.63,57.42,24.55
2026-01-01T10:54:30,15.71,58.87,18.46
2026-01-01T10:55:00,16.79,59.08,19.17
2026-01-01T10:55:30,17.24,57.94,23.24
2026-01-01T10:56:00,18.18,57.51,28.29
2026-01-01T10:56:30,19.82,57.06,39.7
2026-01-01T10:57:00,19.26,56.99,38.52
2026-01-01T10:57:30,19.38,56.92,39.33
2026-01-01T10:58:00,20.19,56.67,34.93
2026-01-01T10:58:30,22.75,58.34,42.34
2026-01-01T10:59:00,24.09,59.18,46.3
2026-01-01T10:59:30,26.17,60.66,50.15
2026-01-01T11:00:00,27.7,58.97,52.53
2026-01-01T11:00:30,29.28,59.08,52.0
2026-01-01T11:01:00,26.6,60.25,41.85
2026-01-01T11:01:30,27.93,60.98,46.85
2026-01-01T11:02:00,28.24,60.3,49.52
2026-01-01T11:02:30,28.33,59.54,50.55
2026-01-01T11:03:00,27.54,60.5,47.25
2026-01-01T11:03:30,26.9,60.29,50.72
2026-01-01T11:04:00,27.52,60.94,51.91
2026-01-01T11:04:30,28.78,61.09,52.71
2026-01-01T11:05:00,26.53,60.98,48.29
2026-01-01T11:05:30,26.86,61.1,43.8
2026-01-01T11:06:00,26.02,60.27,43.44
2026-01-01T11:06:30,24.59,61.97,43.02
2026-01-01T11:07:00,25.18,62.52,38.86
2026-01-01T11:07:30,24.69,63.92,45.79
2026-01-01T11:08:00,23.7,63.39,44.04
2026-01-01T11:08:30,22.55,62.85,43.78
2026-01-01T11:09:00,22.97,62.53,44.82
2026-01-01T11:09:30,22.96,61.66,50.71
2026-01-01T11:10:00,21.32,62.34,47.61
2026-01-01T11:10:30,20.06,63.06,46.86
2026-01-01T11:11:00,19.78,62.54,41.77
2026-01-01T11:11:30,20.39,62.22,45.96
2026-01-01T11:12:00,18.82,62.6,47.67
2026-01-01T11:12:30,19.55,61.85,48.3
2026-01-01T11:13:00,18.31,61.44,49.44
2026-01-01T11:13:30,22.4,63.0,56.7
2026-01-01T11:14:00,20.99,62.25,56.26
2026-01-01T11:14:30,19.81,61.73,53.92
2026-01-01T11:15:00,20.1,64.24,51.61
2026-01-01T11:15:30,18.74,62.11,55.73
2026-01-01T11:16:00,19.99,60.93,58.09
2026-01-01T11:16:30,22.69,62.73,60.01
2026-01-01T11:17:00,22.11,62.32,57.41
2026-01-01T11:17:30,22.37,62.82,59.6
2026-01-01T11:18:00,21.59,64.94,62.0
2026-01-01T11:18:30,21.59,64.22,62.43
2026-01-01T11:19:00,23.74,63.63,61.9
2026-01-01T11:19:30,25.08,64.04,63.79
2026-01-01T11:20:00,23.72,63.96,65.39
2026-01-01T11:20:30,26.04,63.44,63.47
2026-01-01T11:21:00,27.78,63.3,62.22
2026-01-01T11:21:30,28.51,61.98,55.36
2026-01-01T11:22:00,27.52,62.44,57.75
2026-01-01T11:22:30,27.62,63.28,57.31
2026-01-01T11:23:00,26.43,63.11,63.51
2026-01-01T11:23:30,27.13,62.89,56.37
2026-01-01T11:24:00,26.66,63.44,57.05
2026-01-01T11:24:30,23.3,62.9,59.42
2026-01-01T11:25:00,24.69,62.59,56.63
2026-01-01T11:25:30,24.98,62.52,58.56
2026-01-01T11:26:00,26.6,64.0,59.69
2026-01-01T11:26:30,26.39,63.95,61.81
2026-01-01T11:27:00,26.68,63.83,60.88
2026-01-01T11:27:30,28.35,63.67,48.17
2026-01-01T11:28:00,28.93,63.29,48.5
2026-01-01T11:28:30,29.36,62.32,48.87
2026-01-01T11:29:00,34.18,61.4,45.95
2026-01-01T11:29:30,33.93,62.26,40.65
2026-01-01T11:30:00,34.18,61.69,42.74
2026-01-01T11:30:30,36.79,61.79,44.32
2026-01-01T11:31:00,35.58,61.31,50.64
2026-01-01T11:31:30,34.02,59.98,47.42
2026-01-01T11:32:00,31.87,59.52,52.16
2026-01-01T11:32:30,32.67,60.91,52.23
2026-01-01T11:33:00,33.61,60.5,50.24
2026-01-01T11:33:30,34.72,59.82,52.24
2026-01-01T11:34:00,32.69,59.39,55.74
2026-01-01T11:34:30,34.2,59.06,53.64
2026-01-01T11:35:00,35.99,59.29,59.92
2026-01-01T11:35:30,35.85,58.88,60.0
2026-01-01T11:36:00,35.9,58.78,55.07
2026-01-01T11:36:30,36.91,58.29,50.51
2026-01-01T11:37:00,37.46,58.65,54.8
2026-01-01T11:37:30,38.42,58.96,52.59
2026-01-01T11:38:00,36.8,59.17,52.94
2026-01-01T11:38:30,36.53,59.8,53.37
2026-01-01T11:39:00,34.71,59.7,52.92
2026-01-01T11:39:30,35.66,60.92,56.84
2026-01-01T11:40:00,36.46,61.38,54.91
2026-01-01T11:40:30,36.31,62.87,50.47
2026-01-01T11:41:00,36.75,62.79,41.26
2026-01-01T11:41:30,34.42,63.06,40.79
2026-01-01T11:42:00,35.71,62.38,39.73
2026-01-01T11:42:30,35.0,62.4,44.69
2026-01-01T11:43:00,35.2,63.21,41.87
2026-01-01T11:43:30,36.87,62.85,45.96
2026-01-01T11:44:00,35.74,64.34,44.81
2026-01-01T11:44:30,37.53,64.37,51.69
2026-01-01T11:45:00,37.72,65.95,47.8
2026-01-01T11:45:30,37.76,64.9,46.19
2026-01-01T11:46:00,38.6,64.62,48.91
2026-01-01T11:46:30,36.72,64.13,53.66
2026-01-01T11:47:00,37.62,65.14,57.03
2026-01-01T11:47:30,37.71,65.78,51.69
2026-01-01T11:48:00,39.26,65.7,56.05
2026-01-01T11:48:30,38.94,65.25,56.01
2026-01-01T11:49:00,38.39,65.22,49.5
2026-01-01T11:49:30,38.95,65.95,47.26
2026-01-01T11:50:00,38.86,66.78,45.87
2026-01-01T11:50:30,37.1,66.72,42.67
2026-01-01T11:51:00,36.81,66.27,47.9
2026-01-01T11:51:30,38.71,66.38,50.04
2026-01-01T11:52:00,38.57,66.51,54.6
2026-01-01T11:52:30,37.26,66.76,51.08
2026-01-01T11:53:00,38.34,66.3,44.4
2026-01-01T11:53:30,35.56,68.05,46.21
2026-01-01T11:54:00,32.38,67.42,46.34
2026-01-01T11:54:30,32.37,68.93,49.8
2026-01-01T11:55:00,32.64,70.0,52.44
2026-01-01T11:55:30,32.97,70.0,53.06
2026-01-01T11:56:00,31.63,70.0,56.27
2026-01-01T11:56:30,31.41,90.61,208.33
2026-01-01T11:57:00,42.96,87.88,210.81
2026-01-01T11:57:30,54.52,86.34,208.22
2026-01-01T11:58:00,66.08,89.97,216.01
2026-01-01T11:58:30,77.64,89.81,213.3
2026-01-01T11:59:00,88.46,89.98,215.55
2026-01-01T11:59:30,90.57,87.1,215.46
2026-01-01T12:00:00,90.39,85.37,220.01
2026-01-01T12:00:30,88.28,90.55,213.66
2026-01-01T12:01:00,89.99,90.68,220.42
2026-01-01T12:01:30,89.19,88.03,217.52
2026-01-01T12:02:00,77.64,87.03,215.29
2026-01-01T12:02:30,66.08,92.36,214.44
2026-01-01T12:03:00,54.52,90.45,198.38
2026-01-01T12:03:30,42.96,90.82,183.02
2026-01-01T12:04:00,25.25,70.0,35.1
2026-01-01T12:04:30,24.04,68.62,40.0
2026-01-01T12:05:00,24.37,68.77,36.25
2026-01-01T12:05:30,25.33,68.3,36.16
2026-01-01T12:06:00,25.61,68.18,40.64
2026-01-01T12:06:30,28.98,67.85,45.9
2026-01-01T12:07:00,29.88,68.41,43.67
2026-01-01T12:07:30,25.4,68.2,46.51
2026-01-01T12:08:00,24.96,67.04,45.01
2026-01-01T12:08:30,23.86,67.71,37.26
2026-01-01T12:09:00,23.55,68.2,41.09
2026-01-01T12:09:30,23.57,66.77,41.53
2026-01-01T12:10:00,22.59,67.18,38.02
2026-01-01T12:10:30,20.97,68.07,38.85
2026-01-01T12:11:00,23.01,67.92,40.18
2026-01-01T12:11:30,23.91,68.11,40.85
2026-01-01T12:12:00,22.9,67.34,36.97
2026-01-01T12:12:30,23.92,65.59,36.27
2026-01-01T12:13:00,24.93,66.11,37.5
2026-01-01T12:13:30,26.83,66.03,40.51
2026-01-01T12:14:00,25.25,66.46,39.65
2026-01-01T12:14:30,26.42,66.22,35.32
2026-01-01T12:15:00,25.51,65.96,37.01
2026-01-01T12:15:30,27.24,66.12,41.96
2026-01-01T12:16:00,26.95,66.06,39.58
2026-01-01T12:16:30,23.54,66.93,41.6
2026-01-01T12:17:00,23.6,66.5,45.79
2026-01-01T12:17:30,20.92,65.06,50.03
2026-01-01T12:18:00,20.6,65.2,55.41
2026-01-01T12:18:30,20.51,63.9,56.54
2026-01-01T12:19:00,19.91,61.36,62.17
2026-01-01T12:19:30,17.68,60.27,67.58
2026-01-01T12:20:00,16.0,59.83,64.27
2026-01-01T12:20:30,14.74,59.03,65.51
2026-01-01T12:21:00,14.36,57.5,66.45
2026-01-01T12:21:30,16.3,57.27,63.71
2026-01-01T12:22:00,17.36,58.49,62.4
2026-01-01T12:22:30,16.65,59.32,54.36
2026-01-01T12:23:00,18.56,59.33,57.21
2026-01-01T12:23:30,16.51,60.25,60.6
2026-01-01T12:24:00,17.54,59.81,65.21
2026-01-01T12:24:30,17.28,58.92,70.6
2026-01-01T12:25:00,17.63,59.6,68.18
2026-01-01T12:25:30,18.59,58.52,67.54
2026-01-01T12:26:00,17.57,58.85,73.71
2026-01-01T12:26:30,18.77,58.83,78.03
2026-01-01T12:27:00,18.76,58.47,75.08
2026-01-01T12:27:30,22.37,58.01,65.64
2026-01-01T12:28:00,21.92,59.14,64.73
2026-01-01T12:28:30,23.82,57.56,60.45
2026-01-01T12:29:00,24.79,57.82,60.7
2026-01-01T12:29:30,23.03,57.54,64.59
2026-01-01T12:30:00,25.07,56.79,58.8
2026-01-01T12:30:30,23.48,56.83,59.9
2026-01-01T12:31:00,20.13,57.15,55.03
2026-01-01T12:31:30,21.41,57.09,64.96
2026-01-01T12:32:00,23.02,57.33,65.17
2026-01-01T12:32:30,23.09,58.75,67.07
2026-01-01T12:33:00,22.7,58.15,62.89
2026-01-01T12:33:30,25.08,58.57,54.36
2026-01-01T12:34:00,26.15,56.83,50.53
2026-01-01T12:34:30,25.16,57.28,46.7
2026-01-01T12:35:00,26.26,55.42,51.39
2026-01-01T12:35:30,24.39,56.05,46.8
2026-01-01T12:36:00,23.56,55.57,50.11
2026-01-01T12:36:30,21.98,55.74,51.8
2026-01-01T12:37:00,18.68,54.28,51.35
2026-01-01T12:37:30,16.91,54.31,41.4
2026-01-01T12:38:00,18.75,55.13,39.2
2026-01-01T12:38:30,17.1,55.75,43.09
2026-01-01T12:39:00,16.27,55.73,45.24
2026-01-01T12:39:30,14.53,55.73,45.84
2026-01-01T12:40:00,15.83,56.87,40.09
2026-01-01T12:40:30,15.83,57.61,40.59
2026-01-01T12:41:00,16.57,56.98,41.61
2026-01-01T12:41:30,16.41,56.4,39.66
2026-01-01T12:42:00,14.65,55.72,41.39
2026-01-01T12:42:30,13.19,55.69,38.55
2026-01-01T12:43:00,14.45,54.53,30.52
2026-01-01T12:43:30,14.36,52.37,27.95
2026-01-01T12:44:00,15.53,52.15,25.19
2026-01-01T12:44:30,10.78,52.4,30.06
2026-01-01T12:45:00,12.45,52.59,32.94
2026-01-01T12:45:30,11.71,53.67,32.74
2026-01-01T12:46:00,14.96,52.38,30.55
2026-01-01T12:46:30,14.2,51.87,32.79
2026-01-01T12:47:00,14.24,50.43,38.76
2026-01-01T12:47:30,15.23,50.67,34.89
2026-01-01T12:48:00,13.92,50.57,32.34
2026-01-01T12:48:30,15.23,50.09,36.94
2026-01-01T12:49:00,14.26,50.13,38.86
2026-01-01T12:49:30,16.19,49.42,37.11
2026-01-01T12:50:00,17.38,48.4,41.73
2026-01-01T12:50:30,18.13,49.98,43.94
2026-01-01T12:51:00,17.04,50.79,40.17
2026-01-01T12:51:30,16.72,50.61,41.27
2026-01-01T12:52:00,17.17,49.06,41.24
2026-01-01T12:52:30,14.12,48.85,47.85
2026-01-01T12:53:00,13.3,49.42,50.28
2026-01-01T12:53:30,14.7,49.59,52.21
2026-01-01T12:54:00,12.8,50.6,52.74
2026-01-01T12:54:30,14.72,51.83,54.83
2026-01-01T12:55:00,13.78,51.75,49.27
2026-01-01T12:55:30,14.26,51.28,43.45
2026-01-01T12:56:00,12.54,50.78,45.01
2026-01-01T12:56:30,13.27,50.37,46.61
2026-01-01T12:57:00,13.96,51.27,45.0
2026-01-01T12:57:30,15.67,50.85,37.0
2026-01-01T12:58:00,17.7,49.17,32.65
2026-01-01T12:58:30,19.58,49.63,34.8
2026-01-01T12:59:00,19.89,49.54,35.31
2026-01-01T12:59:30,18.05,49.07,32.75
2026-01-01T13:00:00,20.04,47.11,29.03
2026-01-01T13:00:30,18.08,48.28,30.1
2026-01-01T13:01:00,17.42,48.97,29.49
2026-01-01T13:01:30,18.53,47.83,28.86
2026-01-01T13:02:00,19.19,47.99,26.84
2026-01-01T13:02:30,21.58,46.9,27.44
2026-01-01T13:03:00,21.58,45.54,28.57
2026-01-01T13:03:30,19.04,43.44,26.06
2026-01-01T13:04:00,18.63,44.22,32.71
2026-01-01T13:04:30,18.89,45.1,30.36
2026-01-01T13:05:00,18.36,44.79,31.03
2026-01-01T13:05:30,20.48,44.73,24.82
2026-01-01T13:06:00,20.11,46.49,20.82
2026-01-01T13:06:30,17.96,45.73,24.5
2026-01-01T13:07:00,18.66,44.55,27.41
2026-01-01T13:07:30,16.94,44.68,28.27
2026-01-01T13:08:00,19.49,45.22,25.58
2026-01-01T13:08:30,19.89,44.93,26.99
2026-01-01T13:09:00,17.79,43.5,23.02
2026-01-01T13:09:30,19.41,42.73,27.3
2026-01-01T13:10:00,22.96,43.42,16.79
2026-01-01T13:10:30,19.95,44.13,15.25
2026-01-01T13:11:00,21.31,42.46,12.06
2026-01-01T13:11:30,22.03,41.24,17.24
2026-01-01T13:12:00,22.3,40.26,16.44
2026-01-01T13:12:30,22.81,40.23,21.39
2026-01-01T13:13:00,23.55,42.44,27.18
2026-01-01T13:13:30,22.51,42.15,29.0
2026-01-01T13:14:00,24.63,42.21,22.44
2026-01-01T13:14:30,22.6,41.42,19.43
2026-01-01T13:15:00,25.54,44.0,17.43
2026-01-01T13:15:30,27.83,43.4,19.03
2026-01-01T13:16:00,26.05,42.89,20.55
2026-01-01T13:16:30,26.05,43.04,15.23
2026-01-01T13:17:00,28.17,41.72,18.37
2026-01-01T13:17:30,27.44,42.53,14.31
2026-01-01T13:18:00,27.19,42.52,12.9
2026-01-01T13:18:30,26.59,41.68,13.93
2026-01-01T13:19:00,28.34,41.08,13.41
2026-01-01T13:19:30,27.43,39.19,19.68
2026-01-01T13:20:00,27.42,38.63,24.24
2026-01-01T13:20:30,28.23,36.36,18.97
2026-01-01T13:21:00,27.92,35.91,14.46
2026-01-01T13:21:30,26.62,35.41,19.06
2026-01-01T13:22:00,24.6,34.82,19.51
2026-01-01T13:22:30,22.33,34.24,22.03
2026-01-01T13:23:00,20.56,33.4,22.13
2026-01-01T13:23:30,17.98,34.63,27.05
2026-01-01T13:24:00,16.88,36.07,30.14
2026-01-01T13:24:30,17.34,35.9,33.28
2026-01-01T13:25:00,17.42,37.05,30.58
2026-01-01T13:25:30,16.18,36.74,33.01
2026-01-01T13:26:00,14.65,36.44,26.57
2026-01-01T13:26:30,13.16,35.61,25.6
2026-01-01T13:27:00,11.08,36.3,23.06
2026-01-01T13:27:30,9.22,36.92,19.95
2026-01-01T13:28:00,10.3,35.63,16.21
2026-01-01T13:28:30,8.19,35.79,8.18
2026-01-01T13:29:00,8.21,35.28,13.13
2026-01-01T13:29:30,7.29,34.37,12.28
2026-01-01T13:30:00,10.93,34.35,11.57
2026-01-01T13:30:30,8.23,32.43,13.57
2026-01-01T13:31:00,8.52,32.0,17.84
2026-01-01T13:31:30,8.02,33.88,23.18
2026-01-01T13:32:00,6.87,34.32,21.46
2026-01-01T13:32:30,7.34,33.18,22.21
2026-01-01T13:33:00,7.57,33.74,18.59
2026-01-01T13:33:30,5.97,33.83,21.52
2026-01-01T13:34:00,6.61,33.51,21.6
2026-01-01T13:34:30,7.19,32.92,25.24
2026-01-01T13:35:00,9.16,32.92,28.55
2026-01-01T13:35:30,8.24,32.33,31.67
2026-01-01T13:36:00,10.45,32.16,33.82
2026-01-01T13:36:30,10.15,32.89,34.17
2026-01-01T13:37:00,7.19,33.71,29.2
2026-01-01T13:37:30,7.97,32.41,30.51
2026-01-01T13:38:00,7.85,31.95,37.25
2026-01-01T13:38:30,6.53,33.55,35.51
2026-01-01T13:39:00,7.93,35.35,32.8
2026-01-01T13:39:30,7.22,35.72,35.27
2026-01-01T13:40:00,8.74,37.33,41.97
2026-01-01T13:40:30,8.62,38.54,37.81
2026-01-01T13:41:00,9.75,38.4,28.14
2026-01-01T13:41:30,10.77,36.41,25.68
2026-01-01T13:42:00,11.47,36.35,26.08
2026-01-01T13:42:30,9.93,35.06,25.51
2026-01-01T13:43:00,11.31,35.2,24.47
2026-01-01T13:43:30,11.34,36.95,22.46
2026-01-01T13:44:00,14.34,37.2,19.87
2026-01-01T13:44:30,15.06,36.41,16.56
2026-01-01T13:45:00,16.19,35.24,18.0
2026-01-01T13:45:30,15.04,33.28,20.29
2026-01-01T13:46:00,14.43,31.37,13.95
2026-01-01T13:46:30,14.58,33.0,20.28
2026-01-01T13:47:00,12.82,33.86,22.05
2026-01-01T13:47:30,11.06,33.72,24.26
2026-01-01T13:48:00,10.9,33.57,23.13
2026-01-01T13:48:30,10.78,33.52,24.15
2026-01-01T13:49:00,11.09,33.51,19.65
2026-01-01T13:49:30,12.76,34.9,25.99
2026-01-01T13:50:00,12.16,35.29,31.65
2026-01-01T13:50:30,13.18,33.31,30.69
2026-01-01T13:51:00,12.97,34.37,25.41
2026-01-01T13:51:30,12.68,32.44,24.19
2026-01-01T13:52:00,13.06,32.03,26.56
2026-01-01T13:52:30,9.96,30.65,24.98
2026-01-01T13:53:00,10.06,30.69,21.8
2026-01-01T13:53:30,9.1,29.43,22.44
2026-01-01T13:54:00,7.71,28.05,18.95
2026-01-01T13:54:30,5.0,27.0,24.29
2026-01-01T13:55:00,5.0,27.82,28.07
2026-01-01T13:55:30,5.0,27.63,30.73
2026-01-01T13:56:00,6.31,28.3,27.89
2026-01-01T13:56:30,5.95,29.66,28.72
2026-01-01T13:57:00,5.0,29.9,33.16
2026-01-01T13:57:30,5.0,30.47,24.79
2026-01-01T13:58:00,6.13,29.5,25.61
2026-01-01T13:58:30,5.24,29.41,31.23
2026-01-01T13:59:00,5.0,28.27,38.48
2026-01-01T13:59:30,5.0,28.82,34.68
2026-01-01T14:00:00,5.0,29.73,35.78
2026-01-01T14:00:30,5.0,30.69,39.96
2026-01-01T14:01:00,5.0,30.66,44.78
2026-01-01T14:01:30,5.0,31.56,37.42
2026-01-01T14:02:00,9.43,31.41,29.39
2026-01-01T14:02:30,9.11,30.85,30.0
2026-01-01T14:03:00,8.43,31.35,32.0
2026-01-01T14:03:30,9.91,32.08,31.5
2026-01-01T14:04:00,9.68,34.28,30.19
2026-01-01T14:04:30,10.06,35.01,35.3
2026-01-01T14:05:00,8.75,33.91,41.21
2026-01-01T14:05:30,11.08,32.93,38.84
2026-01-01T14:06:00,10.14,31.63,39.47
2026-01-01T14:06:30,10.7,31.71,34.84
2026-01-01T14:07:00,12.4,30.61,41.79
2026-01-01T14:07:30,11.94,31.97,36.17
2026-01-01T14:08:00,11.94,31.68,31.89
2026-01-01T14:08:30,12.82,32.32,28.33
2026-01-01T14:09:00,13.84,32.47,24.14
2026-01-01T14:09:30,12.21,32.82,29.25
2026-01-01T14:10:00,12.48,31.78,38.53
2026-01-01T14:10:30,11.06,31.75,39.57
2026-01-01T14:11:00,9.95,31.32,38.23
2026-01-01T14:11:30,8.97,31.22,41.12
2026-01-01T14:12:00,10.8,31.34,37.49
2026-01-01T14:12:30,13.19,32.03,42.84
2026-01-01T14:13:00,17.1,31.56,42.69
2026-01-01T14:13:30,17.02,32.38,44.38
2026-01-01T14:14:00,15.75,32.71,41.61
2026-01-01T14:14:30,14.3,34.35,40.79
2026-01-01T14:15:00,16.71,31.04,34.32
2026-01-01T14:15:30,14.4,30.4,34.39
2026-01-01T14:16:00,13.93,31.66,37.95
2026-01-01T14:16:30,13.08,29.13,30.55
2026-01-01T14:17:00,15.7,30.62,26.51
2026-01-01T14:17:30,14.18,30.7,24.6
2026-01-01T14:18:00,15.84,28.66,23.36
2026-01-01T14:18:30,17.81,29.38,23.0
2026-01-01T14:19:00,17.56,28.33,22.82
2026-01-01T14:19:30,18.25,27.42,23.96
2026-01-01T14:20:00,15.95,28.88,23.81
2026-01-01T14:20:30,15.81,28.5,17.09
2026-01-01T14:21:00,15.49,27.54,18.34
2026-01-01T14:21:30,11.62,29.54,23.16
2026-01-01T14:22:00,12.24,30.47,24.19
2026-01-01T14:22:30,12.78,30.14,17.09
2026-01-01T14:23:00,10.24,29.35,18.02
2026-01-01T14:23:30,8.12,29.15,19.92
2026-01-01T14:24:00,6.99,30.72,15.97
2026-01-01T14:24:30,6.2,29.74,16.27
2026-01-01T14:25:00,5.74,28.47,21.38
2026-01-01T14:25:30,5.0,29.74,27.85
2026-01-01T14:26:00,5.0,29.46,28.35
2026-01-01T14:26:30,5.46,29.56,30.38
2026-01-01T14:27:00,5.0,30.08,29.72
2026-01-01T14:27:30,5.0,29.69,28.08
2026-01-01T14:28:00,5.0,27.27,33.62
2026-01-01T14:28:30,5.69,27.06,37.47
2026-01-01T14:29:00,5.45,28.3,39.94
2026-01-01T14:29:30,6.75,30.47,37.83
2026-01-01T14:30:00,6.9,30.35,43.7
2026-01-01T14:30:30,8.23,30.33,47.87
2026-01-01T14:31:00,10.11,31.69,42.7
2026-01-01T14:31:30,7.91,32.29,47.05
2026-01-01T14:32:00,9.3,32.58,47.73
2026-01-01T14:32:30,11.97,30.6,48.84
2026-01-01T14:33:00,10.51,30.19,40.77
2026-01-01T14:33:30,10.47,30.4,34.92
2026-01-01T14:34:00,9.93,28.89,38.88
2026-01-01T14:34:30,10.59,28.52,35.81
2026-01-01T14:35:00,11.37,30.23,39.06
2026-01-01T14:35:30,10.37,29.97,33.75
2026-01-01T14:36:00,12.34,28.54,27.85
2026-01-01T14:36:30,11.05,26.65,35.49
2026-01-01T14:37:00,10.84,26.64,39.13
2026-01-01T14:37:30,12.38,26.06,38.62
2026-01-01T14:38:00,15.31,25.19,39.51
2026-01-01T14:38:30,14.54,25.42,36.68
2026-01-01T14:39:00,15.71,25.71,38.1
2026-01-01T14:39:30,16.04,25.88,42.82
2026-01-01T14:40:00,13.67,26.23,41.16
2026-01-01T14:40:30,12.24,25.0,43.1
2026-01-01T14:41:00,10.43,24.36,36.33
2026-01-01T14:41:30,9.67,24.04,43.54
2026-01-01T14:42:00,9.05,23.98,47.56
2026-01-01T14:42:30,9.09,24.97,47.44
2026-01-01T14:43:00,11.01,24.24,46.1
2026-01-01T14:43:30,11.64,23.47,51.74
2026-01-01T14:44:00,15.62,24.95,49.72
2026-01-01T14:44:30,15.26,25.11,51.2
2026-01-01T14:45:00,16.44,23.71,49.95
2026-01-01T14:45:30,17.06,23.4,46.26
2026-01-01T14:46:00,19.32,22.17,50.41
2026-01-01T14:46:30,18.75,21.03,48.76
2026-01-01T14:47:00,20.02,19.69,50.62
2026-01-01T14:47:30,22.46,18.9,49.23
2026-01-01T14:48:00,21.38,20.96,48.69
2026-01-01T14:48:30,21.27,21.97,48.01
2026-01-01T14:49:00,22.03,23.35,45.39
2026-01-01T14:49:30,21.38,24.44,48.32
2026-01-01T14:50:00,20.06,24.3,47.97
2026-01-01T14:50:30,22.81,24.71,51.42
2026-01-01T14:51:00,22.47,24.81,54.41
2026-01-01T14:51:30,25.07,23.74,59.3
2026-01-01T14:52:00,24.31,22.58,57.34
2026-01-01T14:52:30,24.0,23.48,59.99
2026-01-01T14:53:00,25.19,22.26,59.29
2026-01-01T14:53:30,24.88,22.46,59.2
2026-01-01T14:54:00,23.53,23.11,56.35
2026-01-01T14:54:30,22.45,23.87,54.45
2026-01-01T14:55:00,22.86,24.24,56.97
2026-01-01T14:55:30,21.86,23.04,55.6
2026-01-01T14:56:00,22.0,23.58,52.68
2026-01-01T14:56:30,18.61,23.44,56.08
2026-01-01T14:57:00,17.77,22.46,57.5
2026-01-01T14:57:30,17.5,20.47,52.63
2026-01-01T14:58:00,16.73,20.92,53.05
2026-01-01T14:58:30,15.24,19.37,57.56
2026-01-01T14:59:00,13.92,17.66,61.95
2026-01-01T14:59:30,14.02,19.41,59.8
2026-01-01T15:00:00,16.25,18.21,55.36
2026-01-01T15:00:30,14.16,17.79,53.9
2026-01-01T15:01:00,13.74,17.86,59.27
2026-01-01T15:01:30,15.21,17.93,62.25
2026-01-01T15:02:00,15.71,16.91,53.07
2026-01-01T15:02:30,15.57,16.2,56.51
2026-01-01T15:03:00,14.89,17.01,47.64
2026-01-01T15:03:30,14.91,16.73,55.37
2026-01-01T15:04:00,14.76,16.71,58.75
2026-01-01T15:04:30,11.48,15.0,57.17
2026-01-01T15:05:00,10.41,15.0,57.6
2026-01-01T15:05:30,7.48,15.86,60.24
2026-01-01T15:06:00,9.42,15.13,58.27
2026-01-01T15:06:30,10.65,15.0,60.12
2026-01-01T15:07:00,9.47,15.37,59.6
2026-01-01T15:07:30,10.68,15.97,58.6
2026-01-01T15:08:00,14.35,16.31,64.7
2026-01-01T15:08:30,13.42,15.74,56.54
2026-01-01T15:09:00,15.37,16.49,56.73
2026-01-01T15:09:30,15.91,18.12,51.16
2026-01-01T15:10:00,15.55,19.29,50.43
2026-01-01T15:10:30,13.9,17.73,47.6
2026-01-01T15:11:00,13.06,20.66,57.78
2026-01-01T15:11:30,12.47,19.33,55.73
2026-01-01T15:12:00,9.0,18.1,55.18
2026-01-01T15:12:30,9.79,18.41,52.71
2026-01-01T15:13:00,9.31,18.31,56.26
2026-01-01T15:13:30,10.0,18.68,54.22
2026-01-01T15:14:00,9.37,19.99,51.6
2026-01-01T15:14:30,13.87,20.92,59.08
2026-01-01T15:15:00,11.38,20.02,62.21
2026-01-01T15:15:30,9.98,20.1,63.28
2026-01-01T15:16:00,11.04,21.11,72.93
2026-01-01T15:16:30,14.58,22.16,70.4
2026-01-01T15:17:00,13.09,23.28,67.15
2026-01-01T15:17:30,15.83,24.1,63.98
2026-01-01T15:18:00,14.46,24.81,68.79
2026-01-01T15:18:30,16.4,24.3,66.31
2026-01-01T15:19:00,16.51,22.98,71.08
2026-01-01T15:19:30,19.85,23.4,68.56
2026-01-01T15:20:00,22.53,22.95,61.3
2026-01-01T15:20:30,21.56,24.19,58.09
2026-01-01T15:21:00,25.96,23.32,59.24
2026-01-01T15:21:30,24.27,22.94,64.01
2026-01-01T15:22:00,23.8,22.51,69.22
2026-01-01T15:22:30,26.51,23.48,70.68
2026-01-01T15:23:00,25.41,24.23,73.42
2026-01-01T15:23:30,24.45,24.25,62.84
2026-01-01T15:24:00,24.65,24.54,63.89
2026-01-01T15:24:30,25.32,26.16,64.05
2026-01-01T15:25:00,25.91,24.39,62.81
2026-01-01T15:25:30,24.79,25.14,60.15
2026-01-01T15:26:00,25.08,26.22,63.66
2026-01-01T15:26:30,26.04,27.44,68.22
2026-01-01T15:27:00,28.29,28.24,76.08
2026-01-01T15:27:30,28.79,27.47,75.3
2026-01-01T15:28:00,26.91,26.93,72.12
2026-01-01T15:28:30,26.95,27.59,79.66
2026-01-01T15:29:00,26.02,27.0,78.38
2026-01-01T15:29:30,28.0,26.8,76.29
2026-01-01T15:30:00,25.48,25.3,70.75
2026-01-01T15:30:30,26.32,24.1,72.43
2026-01-01T15:31:00,24.73,24.45,74.85
2026-01-01T15:31:30,26.63,24.02,78.22
2026-01-01T15:32:00,27.79,23.27,79.12
2026-01-01T15:32:30,28.12,23.08,81.29
2026-01-01T15:33:00,28.88,23.38,83.51
2026-01-01T15:33:30,28.37,23.12,85.57
2026-01-01T15:34:00,29.39,23.29,90.28
2026-01-01T15:34:30,29.31,23.38,93.69
2026-01-01T15:35:00,30.41,23.13,94.45
2026-01-01T15:35:30,30.5,23.12,92.3
2026-01-01T15:36:00,26.77,22.23,95.51
2026-01-01T15:36:30,26.0,21.73,93.2
2026-01-01T15:37:00,28.28,19.89,92.61
2026-01-01T15:37:30,30.46,18.72,89.74
2026-01-01T15:38:00,30.62,17.54,98.28
2026-01-01T15:38:30,30.43,17.14,94.39
2026-01-01T15:39:00,29.92,18.27,97.05
2026-01-01T15:39:30,30.87,18.26,99.75
2026-01-01T15:40:00,31.74,18.41,103.26
2026-01-01T15:40:30,30.27,17.47,103.1
2026-01-01T15:41:00,31.26,17.75,103.43
2026-01-01T15:41:30,33.11,19.45,102.65
2026-01-01T15:42:00,31.68,19.36,91.77
2026-01-01T15:42:30,31.4,18.54,88.72
2026-01-01T15:43:00,32.09,17.37,94.17
2026-01-01T15:43:30,33.18,17.63,90.91
2026-01-01T15:44:00,32.55,16.69,91.45
2026-01-01T15:44:30,31.75,17.41,102.0
2026-01-01T15:45:00,31.06,16.39,98.13
2026-01-01T15:45:30,31.64,15.0,96.11
2026-01-01T15:46:00,32.28,15.48,95.1
2026-01-01T15:46:30,32.25,15.0,87.11
2026-01-01T15:47:00,30.2,15.61,83.63
2026-01-01T15:47:30,28.57,16.64,77.92
2026-01-01T15:48:00,29.52,16.05,80.09
2026-01-01T15:48:30,27.69,16.26,79.11
2026-01-01T15:49:00,28.03,17.65,70.58
2026-01-01T15:49:30,27.49,17.19,73.82
2026-01-01T15:50:00,26.59,18.78,77.7
2026-01-01T15:50:30,26.63,18.46,76.26
2026-01-01T15:51:00,29.14,17.52,80.04
2026-01-01T15:51:30,29.58,17.62,82.39
2026-01-01T15:52:00,29.13,17.84,78.74
2026-01-01T15:52:30,26.92,18.98,79.86
2026-01-01T15:53:00,27.69,19.86,80.6
2026-01-01T15:53:30,29.4,20.23,77.26
2026-01-01T15:54:00,30.31,20.89,73.15
2026-01-01T15:54:30,32.06,21.07,74.78
2026-01-01T15:55:00,32.77,21.86,84.01
2026-01-01T15:55:30,30.82,21.34,83.86
2026-01-01T15:56:00,30.75,20.26,84.7
2026-01-01T15:56:30,31.54,20.47,80.49
2026-01-01T15:57:00,32.62,23.16,79.45
2026-01-01T15:57:30,31.88,23.97,78.64
2026-01-01T15:58:00,31.78,23.27,77.13
2026-01-01T15:58:30,32.33,24.66,74.51
2026-01-01T15:59:00,34.24,22.8,74.31
2026-01-01T15:59:30,35.75,22.54,72.06
2026-01-01T16:00:00,36.72,22.94,77.03
2026-01-01T16:00:30,37.31,22.27,85.23
2026-01-01T16:01:00,35.77,21.67,82.18
2026-01-01T16:01:30,34.12,21.5,80.73
2026-01-01T16:02:00,33.98,20.96,82.46
2026-01-01T16:02:30,35.54,20.18,84.79
2026-01-01T16:03:00,36.14,19.09,81.74
2026-01-01T16:03:30,36.98,17.53,79.46
2026-01-01T16:04:00,34.73,16.57,81.8
2026-01-01T16:04:30,32.53,16.46,75.25
2026-01-01T16:05:00,34.21,17.47,84.11
2026-01-01T16:05:30,34.16,16.81,85.32
2026-01-01T16:06:00,32.19,15.6,84.1
2026-01-01T16:06:30,33.52,17.2,83.5
2026-01-01T16:07:00,33.9,16.06,79.2
2026-01-01T16:07:30,38.33,16.15,86.41
2026-01-01T16:08:00,40.2,15.22,86.08
2026-01-01T16:08:30,40.72,15.0,84.34
2026-01-01T16:09:00,40.5,15.39,91.37
2026-01-01T16:09:30,40.85,15.85,95.49
2026-01-01T16:10:00,40.69,17.12,94.72
2026-01-01T16:10:30,38.53,17.79,96.46
2026-01-01T16:11:00,39.93,17.94,95.13
2026-01-01T16:11:30,40.34,18.57,93.68
2026-01-01T16:12:00,36.21,17.54,92.8
2026-01-01T16:12:30,35.25,18.75,93.99
2026-01-01T16:13:00,34.01,19.28,98.37
2026-01-01T16:13:30,35.48,19.77,106.28
2026-01-01T16:14:00,35.41,20.37,97.59
2026-01-01T16:14:30,37.65,18.89,106.88
2026-01-01T16:15:00,35.26,17.75,110.98
2026-01-01T16:15:30,33.64,17.89,111.04
2026-01-01T16:16:00,35.25,18.03,109.32
2026-01-01T16:16:30,34.26,18.61,101.85
2026-01-01T16:17:00,32.67,18.71,106.63
2026-01-01T16:17:30,31.88,18.53,102.25
2026-01-01T16:18:00,30.74,19.79,104.86
2026-01-01T16:18:30,31.55,20.14,103.2
2026-01-01T16:19:00,33.23,20.88,96.69
2026-01-01T16:19:30,30.85,22.08,98.37
2026-01-01T16:20:00,30.41,23.34,100.31
2026-01-01T16:20:30,30.44,23.66,96.57
2026-01-01T16:21:00,30.56,24.38,100.01
2026-01-01T16:21:30,31.81,24.65,107.23
2026-01-01T16:22:00,31.99,25.72,109.19
2026-01-01T16:22:30,31.12,28.0,110.92
2026-01-01T16:23:00,29.45,26.96,107.98
2026-01-01T16:23:30,26.71,26.21,103.83
2026-01-01T16:24:00,26.16,27.79,102.2
2026-01-01T16:24:30,26.18,27.98,102.48
2026-01-01T16:25:00,27.56,27.55,102.52
2026-01-01T16:25:30,26.99,26.85,101.73
2026-01-01T16:26:00,30.48,27.79,111.7
2026-01-01T16:26:30,30.37,28.35,113.98
2026-01-01T16:27:00,29.64,30.36,110.07
2026-01-01T16:27:30,30.21,30.27,105.27
2026-01-01T16:28:00,28.76,31.17,98.32
2026-01-01T16:28:30,29.07,32.82,94.28
2026-01-01T16:29:00,25.97,31.39,96.59
2026-01-01T16:29:30,26.99,30.33,95.45
2026-01-01T16:30:00,27.09,30.61,92.68
2026-01-01T16:30:30,27.4,30.03,95.04
2026-01-01T16:31:00,27.64,29.61,97.24
2026-01-01T16:31:30,25.72,28.95,98.72
2026-01-01T16:32:00,24.38,28.8,98.67
2026-01-01T16:32:30,26.73,27.9,98.52
2026-01-01T16:33:00,27.47,26.62,93.25
2026-01-01T16:33:30,26.57,27.0,85.87
2026-01-01T16:34:00,27.2,27.13,82.64
2026-01-01T16:34:30,27.82,28.11,79.49
2026-01-01T16:35:00,30.75,28.63,76.21
2026-01-01T16:35:30,32.41,29.05,75.52
2026-01-01T16:36:00,33.03,29.81,73.62
2026-01-01T16:36:30,32.36,28.89,68.4
2026-01-01T16:37:00,35.03,28.39,67.99
2026-01-01T16:37:30,34.88,28.67,69.34
2026-01-01T16:38:00,33.57,29.6,67.37
2026-01-01T16:38:30,31.74,30.25,70.64
2026-01-01T16:39:00,30.45,30.04,71.9
2026-01-01T16:39:30,29.9,29.85,73.46
